[2024-12-24 06:09:40 : INFO] - Cache for URL: http://localhost/wordpress/ has been purged, triggered by action: save_post 
[2024-12-24 06:09:40 : INFO] - Cache for URL: http://localhost/wordpress/ has been purged, triggered by action: save_post 
[2024-12-24 06:09:40 : INFO] - Cache for URL: http://localhost/wordpress/ has been purged, triggered by action: save_post 
[2024-12-24 06:11:33 : INFO] - Cache for URL: http://localhost/wordpress/ has been purged, triggered by action: save_post 
[2024-12-24 06:11:34 : INFO] - Cache for URL: http://localhost/wordpress/ has been purged, triggered by action: save_post 
[2024-12-24 06:11:34 : INFO] - Cache for URL: http://localhost/wordpress/ has been purged, triggered by action: save_post 
[2024-12-24 06:17:05 : INFO] - Cache for URL: http://localhost/wordpress/ has been purged, triggered by action: save_post 
[2024-12-24 06:17:05 : INFO] - Cache for URL: http://localhost/wordpress/ has been purged, triggered by action: save_post 
[2024-12-24 06:17:05 : INFO] - Cache for URL: http://localhost/wordpress/ has been purged, triggered by action: save_post 
[2024-12-24 06:19:21 : INFO] - Cache for URL: http://localhost/wordpress/ has been purged, triggered by action: save_post 
[2024-12-24 06:19:21 : INFO] - Cache for URL: http://localhost/wordpress/ has been purged, triggered by action: save_post 
[2024-12-24 06:19:22 : INFO] - Cache for URL: http://localhost/wordpress/ has been purged, triggered by action: save_post 
[2024-12-24 06:21:20 : INFO] - Cache for URL: http://localhost/wordpress/ has been purged, triggered by action: save_post 
[2024-12-24 06:21:20 : INFO] - Cache for URL: http://localhost/wordpress/ has been purged, triggered by action: save_post 
[2024-12-24 06:21:20 : INFO] - Cache for URL: http://localhost/wordpress/ has been purged, triggered by action: save_post 
[2024-12-24 06:23:51 : INFO] - Cache for URL: http://localhost/wordpress/ has been purged, triggered by action: save_post 
[2024-12-24 06:23:51 : INFO] - Cache for URL: http://localhost/wordpress/ has been purged, triggered by action: save_post 
[2024-12-24 06:23:51 : INFO] - Cache for URL: http://localhost/wordpress/ has been purged, triggered by action: save_post 
[2024-12-24 06:24:40 : INFO] - Cache for URL: http://localhost/wordpress/ has been purged, triggered by action: save_post 
[2024-12-24 06:24:41 : INFO] - Cache for URL: http://localhost/wordpress/ has been purged, triggered by action: save_post 
[2024-12-24 06:24:41 : INFO] - Cache for URL: http://localhost/wordpress/ has been purged, triggered by action: save_post 
[2024-12-24 06:26:20 : INFO] - Cache for URL: http://localhost/wordpress/ has been purged, triggered by action: save_post 
[2024-12-24 06:26:20 : INFO] - Cache for URL: http://localhost/wordpress/ has been purged, triggered by action: save_post 
[2024-12-24 06:26:20 : INFO] - Cache for URL: http://localhost/wordpress/ has been purged, triggered by action: save_post 
[2024-12-24 06:30:16 : INFO] - Cache for URL: http://localhost/wordpress/ has been purged, triggered by action: save_post 
[2024-12-24 06:30:17 : INFO] - Cache for URL: http://localhost/wordpress/ has been purged, triggered by action: save_post 
[2024-12-24 06:30:17 : INFO] - Cache for URL: http://localhost/wordpress/ has been purged, triggered by action: save_post 
[2024-12-24 06:30:56 : INFO] - Cache for URL: http://localhost/wordpress/ has been purged, triggered by action: save_post 
[2024-12-24 06:30:56 : INFO] - Cache for URL: http://localhost/wordpress/ has been purged, triggered by action: save_post 
[2024-12-24 06:30:57 : INFO] - Cache for URL: http://localhost/wordpress/ has been purged, triggered by action: save_post 
[2024-12-24 06:31:55 : INFO] - Cache for URL: http://localhost/wordpress/ has been purged, triggered by action: save_post 
[2024-12-24 06:31:56 : INFO] - Cache for URL: http://localhost/wordpress/ has been purged, triggered by action: save_post 
[2024-12-24 06:31:56 : INFO] - Cache for URL: http://localhost/wordpress/ has been purged, triggered by action: save_post 
[2024-12-24 06:32:27 : INFO] - Cache for URL: http://localhost/wordpress/ has been purged, triggered by action: save_post 
[2024-12-24 06:32:27 : INFO] - Cache for URL: http://localhost/wordpress/ has been purged, triggered by action: save_post 
[2024-12-24 06:32:27 : INFO] - Cache for URL: http://localhost/wordpress/ has been purged, triggered by action: save_post 
[2024-12-24 06:32:52 : INFO] - Cache for URL: http://localhost/wordpress/ has been purged, triggered by action: save_post 
[2024-12-24 06:32:52 : INFO] - Cache for URL: http://localhost/wordpress/ has been purged, triggered by action: save_post 
[2024-12-24 06:32:52 : INFO] - Cache for URL: http://localhost/wordpress/ has been purged, triggered by action: save_post 
[2024-12-24 06:33:53 : INFO] - Cache for URL: http://localhost/wordpress/ has been purged, triggered by action: save_post 
[2024-12-24 06:33:53 : INFO] - Cache for URL: http://localhost/wordpress/ has been purged, triggered by action: save_post 
[2024-12-24 06:33:53 : INFO] - Cache for URL: http://localhost/wordpress/ has been purged, triggered by action: save_post 
[2024-12-24 06:34:47 : INFO] - Cache for URL: http://localhost/wordpress/ has been purged, triggered by action: save_post 
[2024-12-24 06:34:47 : INFO] - Cache for URL: http://localhost/wordpress/ has been purged, triggered by action: save_post 
[2024-12-24 06:34:47 : INFO] - Cache for URL: http://localhost/wordpress/ has been purged, triggered by action: save_post 
[2024-12-24 06:35:37 : INFO] - Cache for URL: http://localhost/wordpress/ has been purged, triggered by action: save_post 
[2024-12-24 06:35:37 : INFO] - Cache for URL: http://localhost/wordpress/ has been purged, triggered by action: save_post 
[2024-12-24 06:35:38 : INFO] - Cache for URL: http://localhost/wordpress/ has been purged, triggered by action: save_post 
[2024-12-24 06:37:09 : INFO] - Cache for URL: http://localhost/wordpress/ has been purged, triggered by action: save_post 
[2024-12-24 06:37:09 : INFO] - Cache for URL: http://localhost/wordpress/ has been purged, triggered by action: save_post 
[2024-12-24 06:37:10 : INFO] - Cache for URL: http://localhost/wordpress/ has been purged, triggered by action: save_post 
[2024-12-24 06:37:49 : INFO] - Cache for URL: http://localhost/wordpress/ has been purged, triggered by action: save_post 
[2024-12-24 06:37:49 : INFO] - Cache for URL: http://localhost/wordpress/ has been purged, triggered by action: save_post 
[2024-12-24 06:37:49 : INFO] - Cache for URL: http://localhost/wordpress/ has been purged, triggered by action: save_post 
[2024-12-24 06:39:18 : INFO] - Cache for URL: http://localhost/wordpress/ has been purged, triggered by action: save_post 
[2024-12-24 06:39:18 : INFO] - Cache for URL: http://localhost/wordpress/ has been purged, triggered by action: save_post 
[2024-12-24 06:39:19 : INFO] - Cache for URL: http://localhost/wordpress/ has been purged, triggered by action: save_post 
[2024-12-24 06:39:52 : INFO] - Cache for URL: http://localhost/wordpress/ has been purged, triggered by action: save_post 
[2024-12-24 06:39:52 : INFO] - Cache for URL: http://localhost/wordpress/ has been purged, triggered by action: save_post 
[2024-12-24 06:39:52 : INFO] - Cache for URL: http://localhost/wordpress/ has been purged, triggered by action: save_post 
[2024-12-24 06:40:48 : INFO] - Cache for URL: http://localhost/wordpress/ has been purged, triggered by action: save_post 
[2024-12-24 06:40:48 : INFO] - Cache for URL: http://localhost/wordpress/ has been purged, triggered by action: save_post 
[2024-12-24 06:40:48 : INFO] - Cache for URL: http://localhost/wordpress/ has been purged, triggered by action: save_post 
[2024-12-24 06:41:16 : INFO] - Cache for URL: http://localhost/wordpress/ has been purged, triggered by action: save_post 
[2024-12-24 06:41:16 : INFO] - Cache for URL: http://localhost/wordpress/ has been purged, triggered by action: save_post 
[2024-12-24 06:41:16 : INFO] - Cache for URL: http://localhost/wordpress/ has been purged, triggered by action: save_post 
[2024-12-24 06:41:55 : INFO] - Cache for URL: http://localhost/wordpress/ has been purged, triggered by action: save_post 
[2024-12-24 06:41:55 : INFO] - Cache for URL: http://localhost/wordpress/ has been purged, triggered by action: save_post 
[2024-12-24 06:41:55 : INFO] - Cache for URL: http://localhost/wordpress/ has been purged, triggered by action: save_post 
[2024-12-24 06:43:19 : INFO] - Cache for URL: http://localhost/wordpress/ has been purged, triggered by action: save_post 
[2024-12-24 06:43:19 : INFO] - Cache for URL: http://localhost/wordpress/ has been purged, triggered by action: save_post 
[2024-12-24 06:43:19 : INFO] - Cache for URL: http://localhost/wordpress/ has been purged, triggered by action: save_post 
[2024-12-24 06:43:33 : INFO] - Cache for URL: http://localhost/wordpress/ has been purged, triggered by action: save_post 
[2024-12-24 06:43:33 : INFO] - Cache for URL: http://localhost/wordpress/ has been purged, triggered by action: save_post 
[2024-12-24 06:43:34 : INFO] - Cache for URL: http://localhost/wordpress/ has been purged, triggered by action: save_post 
[2024-12-24 06:52:45 : INFO] - Cache for URL: http://localhost/wordpress/ has been purged, triggered by action: save_post 
[2024-12-24 06:52:45 : INFO] - Cache for URL: http://localhost/wordpress/ has been purged, triggered by action: save_post 
[2024-12-24 06:52:45 : INFO] - Cache for URL: http://localhost/wordpress/ has been purged, triggered by action: save_post 
[2024-12-24 07:01:46 : INFO] - Full Cache Purge triggered by: plugin activation/deactivation 
[2024-12-24 07:26:07 : INFO] - Cache for URL: http://localhost/wordpress/index.php/shop/ has been purged, triggered by action: save_post 
[2024-12-24 07:26:07 : INFO] - Cache for URL: http://localhost/wordpress/index.php/cart/ has been purged, triggered by action: save_post 
[2024-12-24 07:26:07 : INFO] - Cache for URL: http://localhost/wordpress/index.php/checkout/ has been purged, triggered by action: save_post 
[2024-12-24 07:26:07 : INFO] - Cache for URL: http://localhost/wordpress/index.php/my-account/ has been purged, triggered by action: save_post 
[2024-12-24 07:26:07 : INFO] - Cache for URL: http://localhost/wordpress/?page_id=986 has been purged, triggered by action: save_post 
[2024-12-24 07:26:07 : INFO] - Full Cache Purge triggered by: plugin activation/deactivation 
[2024-12-24 07:27:02 : INFO] - Cache for URL: http://localhost/wordpress/?elementor_library=default-kit has been purged, triggered by action: save_post 
[2024-12-24 07:27:22 : INFO] - Cache for URL: http://localhost/wordpress/index.php/cart/ has been purged, triggered by action: save_post 
[2024-12-24 07:53:00 : INFO] - Cache for multiple term taxonomy have been purged due to post terms update, triggered by action: set_object_terms 
[2024-12-24 07:53:04 : INFO] - Cache for URL: http://localhost/wordpress/index.php/product/retro-glass-jug-330-ml/ has been purged, triggered by action: save_post 
[2024-12-24 07:53:04 : INFO] - Cache for archive page associated with post_type: product and Title: "Retro Glass Jug (330 ml)" has been purged, triggered by action: save_post 
[2024-12-24 07:53:04 : INFO] - Cache for multiple term taxonomy have been purged due to post terms update, triggered by action: set_object_terms 
[2024-12-24 07:53:04 : INFO] - Cache for URL: http://localhost/wordpress/index.php/product/retro-glass-jug-330-ml/ has been purged, triggered by action: woocommerce_product_set_stock 
[2024-12-24 07:53:09 : INFO] - Cache for URL: http://localhost/wordpress/index.php/product/hi-fi-headphones/ has been purged, triggered by action: save_post 
[2024-12-24 07:53:09 : INFO] - Cache for archive page associated with post_type: product and Title: "Hi-Fi Headphones" has been purged, triggered by action: save_post 
[2024-12-24 07:53:09 : INFO] - Cache for multiple term taxonomy have been purged due to post terms update, triggered by action: set_object_terms 
[2024-12-24 07:53:09 : INFO] - Cache for URL: http://localhost/wordpress/index.php/product/hi-fi-headphones/ has been purged, triggered by action: woocommerce_product_set_stock 
[2024-12-24 07:53:12 : INFO] - Cache for URL: http://localhost/wordpress/index.php/product/3-speed-bike/ has been purged, triggered by action: save_post 
[2024-12-24 07:53:12 : INFO] - Cache for archive page associated with post_type: product and Title: "3-Speed Bike" has been purged, triggered by action: save_post 
[2024-12-24 07:53:13 : INFO] - Cache for multiple term taxonomy have been purged due to post terms update, triggered by action: set_object_terms 
[2024-12-24 07:53:13 : INFO] - Cache for URL: http://localhost/wordpress/index.php/product/3-speed-bike/ has been purged, triggered by action: woocommerce_product_set_stock 
[2024-12-24 07:53:13 : INFO] - Cache for URL: http://localhost/wordpress/index.php/product/black-and-white/ has been purged, triggered by action: save_post 
[2024-12-24 07:53:13 : INFO] - Cache for archive page associated with post_type: product and Title: "Black and White" has been purged, triggered by action: save_post 
[2024-12-24 07:53:14 : INFO] - Cache for multiple term taxonomy have been purged due to post terms update, triggered by action: set_object_terms 
[2024-12-24 07:53:14 : INFO] - Cache for URL: http://localhost/wordpress/index.php/product/black-and-white/ has been purged, triggered by action: woocommerce_product_set_stock 
[2024-12-24 07:53:15 : INFO] - Cache for URL: http://localhost/wordpress/index.php/product/leather-clad-leisure-chair/ has been purged, triggered by action: save_post 
[2024-12-24 07:53:15 : INFO] - Cache for archive page associated with post_type: product and Title: "Leather-Clad Leisure Chair" has been purged, triggered by action: save_post 
[2024-12-24 07:53:16 : INFO] - Cache for multiple term taxonomy have been purged due to post terms update, triggered by action: set_object_terms 
[2024-12-24 07:53:16 : INFO] - Cache for URL: http://localhost/wordpress/index.php/product/leather-clad-leisure-chair/ has been purged, triggered by action: woocommerce_product_set_stock 
[2024-12-24 07:53:16 : INFO] - Cache for URL: http://localhost/wordpress/index.php/product/vintage-typewriter/ has been purged, triggered by action: save_post 
[2024-12-24 07:53:16 : INFO] - Cache for archive page associated with post_type: product and Title: "Vintage Typewriter" has been purged, triggered by action: save_post 
[2024-12-24 07:53:16 : INFO] - Cache for multiple term taxonomy have been purged due to post terms update, triggered by action: set_object_terms 
[2024-12-24 07:53:16 : INFO] - Cache for URL: http://localhost/wordpress/index.php/product/vintage-typewriter/ has been purged, triggered by action: woocommerce_product_set_stock 
[2024-12-24 07:53:20 : INFO] - Cache for multiple term taxonomy have been purged due to post terms update, triggered by action: set_object_terms 
[2024-12-24 07:53:20 : INFO] - Cache for multiple term taxonomy have been purged due to post terms update, triggered by action: set_object_terms 
[2024-12-24 07:53:20 : INFO] - Cache for multiple term taxonomy have been purged due to post terms update, triggered by action: set_object_terms 
[2024-12-24 07:53:20 : INFO] - Cache for multiple term taxonomy have been purged due to post terms update, triggered by action: set_object_terms 
[2024-12-24 07:53:20 : INFO] - Cache for multiple term taxonomy have been purged due to post terms update, triggered by action: set_object_terms 
[2024-12-24 07:55:06 : INFO] - Cache for homepage has been purged due to change in the Homepage displays options, triggered by action: update_option_page_on_front 
[2024-12-24 08:51:18 : INFO] - Cache for homepage has been purged due to change in the Homepage displays options, triggered by action: update_option_page_on_front 
[2024-12-24 08:54:13 : INFO] - Full Cache Purge triggered by: plugin activation/deactivation 
[2024-12-24 08:58:11 : INFO] - Full Cache Purge triggered by: plugin activation/deactivation 
[2024-12-24 08:59:24 : INFO] - Full Cache Purge triggered by: plugin activation/deactivation 
[2024-12-24 09:00:42 : INFO] - Cache for URL: http://localhost/wordpress/index.php/shop/ has been purged, triggered by action: wp_trash_post 
[2024-12-24 09:00:42 : INFO] - Cache for URL: http://localhost/wordpress/?page_id=982 has been purged, triggered by action: save_post 
[2024-12-24 09:00:49 : INFO] - Cache for URL: http://localhost/wordpress/index.php/sample-page/ has been purged, triggered by action: wp_trash_post 
[2024-12-24 09:00:49 : INFO] - Cache for URL: http://localhost/wordpress/?page_id=2 has been purged, triggered by action: save_post 
[2024-12-24 09:07:18 : INFO] - Cache for URL: http://localhost/wordpress/?post_type=product&p=1059 has been purged, triggered by action: save_post 
[2024-12-24 09:07:18 : INFO] - Cache for archive page associated with post_type: product and Title: "AUTO-DRAFT" has been purged, triggered by action: save_post 
[2024-12-24 09:13:58 : INFO] - Cache for multiple term taxonomy have been purged due to post terms update, triggered by action: set_object_terms 
[2024-12-24 09:13:58 : INFO] - Cache for URL: http://localhost/wordpress/index.php/product/embroidered-boat-neck-kurta-with-trousers-dupatta/ has been purged, triggered by action: woocommerce_product_set_stock 
[2024-12-24 09:13:58 : INFO] - Cache for URL: http://localhost/wordpress/index.php/product/embroidered-boat-neck-kurta-with-trousers-dupatta/ has been purged, triggered by action: save_post 
[2024-12-24 09:13:58 : INFO] - Cache for archive page associated with post_type: product and Title: "Embroidered Boat-Neck Kurta With Trousers &#038; Dupatta" has been purged, triggered by action: save_post 
[2024-12-24 09:15:09 : INFO] - Cache for URL: http://localhost/wordpress/?p=1061 has been purged, triggered by action: save_post 
[2024-12-24 09:15:09 : INFO] - Cache for blog post has been purged due to updates to post with Title: "Auto Draft" and URL: http://localhost/wordpress/?p=1061, triggered by action: save_post 
[2024-12-24 09:15:09 : INFO] - Cache for previous post (with URL: http://localhost/wordpress/index.php/2024/12/20/installation-of-phpmyadmin-in-ubuntu/) adjacent to post with id: 1061 has been purged, triggered by action: save_post 
[2024-12-24 09:15:09 : INFO] - Cache for all archives page associated with post_type: post and Title: "Auto Draft" have been purged, triggered by action: save_post 
[2024-12-24 09:15:42 : INFO] - Cache for URL: http://localhost/wordpress/?p=1062 has been purged, triggered by action: save_post 
[2024-12-24 09:15:42 : INFO] - Cache for blog post has been purged due to updates to post with Title: "Auto Draft" and URL: http://localhost/wordpress/?p=1062, triggered by action: save_post 
[2024-12-24 09:15:42 : INFO] - Cache for previous post (with URL: http://localhost/wordpress/index.php/2024/12/20/installation-of-phpmyadmin-in-ubuntu/) adjacent to post with id: 1062 has been purged, triggered by action: save_post 
[2024-12-24 09:15:42 : INFO] - Cache for all archives page associated with post_type: post and Title: "Auto Draft" have been purged, triggered by action: save_post 
[2024-12-24 09:15:42 : INFO] - Cache for URL: http://localhost/wordpress/?p=1063 has been purged, triggered by action: save_post 
[2024-12-24 09:15:42 : INFO] - Cache for blog post has been purged due to updates to post with Title: "Auto Draft" and URL: http://localhost/wordpress/?p=1063, triggered by action: save_post 
[2024-12-24 09:15:42 : INFO] - Cache for previous post (with URL: http://localhost/wordpress/index.php/2024/12/20/installation-of-phpmyadmin-in-ubuntu/) adjacent to post with id: 1063 has been purged, triggered by action: save_post 
[2024-12-24 09:15:42 : INFO] - Cache for all archives page associated with post_type: post and Title: "Auto Draft" have been purged, triggered by action: save_post 
[2024-12-24 09:16:19 : INFO] - Cache for URL: http://localhost/wordpress/?page_id=986 has been purged, triggered by action: wp_trash_post 
[2024-12-24 09:16:19 : INFO] - Cache for URL: http://localhost/wordpress/?page_id=986 has been purged, triggered by action: save_post 
[2024-12-24 09:16:26 : INFO] - Cache for URL: http://localhost/wordpress/?page_id=3 has been purged, triggered by action: wp_trash_post 
[2024-12-24 09:16:26 : INFO] - Cache for URL: http://localhost/wordpress/?page_id=3 has been purged, triggered by action: save_post 
[2024-12-24 09:18:12 : INFO] - Cache for URL: http://localhost/wordpress/?post_type=product&p=1066 has been purged, triggered by action: save_post 
[2024-12-24 09:18:12 : INFO] - Cache for archive page associated with post_type: product and Title: "AUTO-DRAFT" has been purged, triggered by action: save_post 
[2024-12-24 09:18:36 : INFO] - Cache for URL: http://localhost/wordpress/?elementor_library=default-kit has been purged, triggered by action: save_post 
[2024-12-24 09:22:36 : INFO] - Cache for URL: http://localhost/wordpress/?post_type=product&p=1067 has been purged, triggered by action: save_post 
[2024-12-24 09:22:36 : INFO] - Cache for archive page associated with post_type: product and Title: "AUTO-DRAFT" has been purged, triggered by action: save_post 
[2024-12-24 10:24:07 : INFO] - Full Cache Purge triggered by: plugin activation/deactivation 
[2024-12-24 10:24:15 : INFO] - Full Cache Purge triggered by: plugin activation/deactivation 
[2024-12-24 10:24:19 : INFO] - Full Cache Purge triggered by: plugin activation/deactivation 
[2024-12-24 10:24:24 : INFO] - Full Cache Purge triggered by: plugin activation/deactivation 
[2024-12-24 10:24:29 : INFO] - Full Cache Purge triggered by: plugin activation/deactivation 
[2024-12-24 10:24:29 : INFO] - Full Cache Purge triggered by: WPO_Page_Cache::disable 
[2024-12-24 10:24:29 : INFO] - Full Cache Purge triggered by: WP_Optimize_Minify_Cache_Functions::purge_others 
[2024-12-24 10:37:36 : INFO] - Cache for URL: http://localhost/wordpress/?page_id=982 has been purged, triggered by action: save_post 
[2024-12-24 10:48:37 : INFO] - Cache for URL: http://localhost/wordpress/?post_type=product&p=1068 has been purged, triggered by action: save_post 
[2024-12-24 10:48:37 : INFO] - Cache for archive page associated with post_type: product and Title: "AUTO-DRAFT" has been purged, triggered by action: save_post 
[2024-12-24 10:49:16 : INFO] - Cache for URL: http://localhost/wordpress/?post_type=product&p=1069 has been purged, triggered by action: save_post 
[2024-12-24 10:49:16 : INFO] - Cache for archive page associated with post_type: product and Title: "AUTO-DRAFT" has been purged, triggered by action: save_post 
[2024-12-24 10:50:06 : INFO] - Cache for multiple term taxonomy have been purged due to post terms update, triggered by action: set_object_terms 
[2024-12-24 10:50:06 : INFO] - Cache for URL: http://localhost/wordpress/product/ethnic-motifs-embroidered-regular-thread-work-kurta-with-salwar-dupatta/ has been purged, triggered by action: woocommerce_product_set_stock 
[2024-12-24 10:50:06 : INFO] - Cache for URL: http://localhost/wordpress/product/ethnic-motifs-embroidered-regular-thread-work-kurta-with-salwar-dupatta/ has been purged, triggered by action: save_post 
[2024-12-24 10:50:06 : INFO] - Cache for archive page associated with post_type: product and Title: "Ethnic Motifs Embroidered Regular Thread Work Kurta with Salwar &#038; Dupatta" has been purged, triggered by action: save_post 
[2024-12-24 10:51:17 : INFO] - Cache for multiple term taxonomy have been purged due to post terms update, triggered by action: set_object_terms 
[2024-12-24 10:51:17 : INFO] - Cache for URL: http://localhost/wordpress/product/ethnic-motifs-embroidered-regular-thread-work-kurta-with-salwar-dupatta/ has been purged, triggered by action: save_post 
[2024-12-24 10:51:17 : INFO] - Cache for archive page associated with post_type: product and Title: "Ethnic Motifs Embroidered Regular Thread Work Kurta with Salwar &#038; Dupatta" has been purged, triggered by action: save_post 
[2024-12-24 10:58:36 : INFO] - Full Cache Purge triggered by: plugin activation/deactivation 
[2024-12-24 10:59:49 : INFO] - Full Cache Purge triggered by: plugin activation/deactivation 
[2024-12-24 11:12:02 : INFO] - Full Cache Purge triggered by: plugin activation/deactivation 
[2024-12-24 11:12:08 : INFO] - Full Cache Purge triggered by: plugin activation/deactivation 
[2024-12-24 11:34:45 : INFO] - Full Cache Purge triggered by: plugin activation/deactivation 
[2024-12-24 11:36:01 : INFO] - Full Cache Purge triggered by: plugin activation/deactivation 
[2024-12-24 11:52:59 : INFO] - Cache for URL: http://localhost/wordpress/?post_type=product&p=1071 has been purged, triggered by action: save_post 
[2024-12-24 11:52:59 : INFO] - Cache for archive page associated with post_type: product and Title: "AUTO-DRAFT" has been purged, triggered by action: save_post 
[2024-12-24 11:55:06 : INFO] - Cache for URL: http://localhost/wordpress/?post_type=product&p=1072 has been purged, triggered by action: save_post 
[2024-12-24 11:55:06 : INFO] - Cache for archive page associated with post_type: product and Title: "AUTO-DRAFT" has been purged, triggered by action: save_post 
[2024-12-24 11:55:06 : INFO] - Cache for URL: http://localhost/wordpress/?post_type=product&p=1073 has been purged, triggered by action: save_post 
[2024-12-24 11:55:06 : INFO] - Cache for archive page associated with post_type: product and Title: "AUTO-DRAFT" has been purged, triggered by action: save_post 
[2024-12-24 12:21:40 : INFO] - Cache for URL: http://localhost/wordpress/?post_type=product&p=1074 has been purged, triggered by action: save_post 
[2024-12-24 12:21:40 : INFO] - Cache for archive page associated with post_type: product and Title: "AUTO-DRAFT" has been purged, triggered by action: save_post 
[2024-12-24 12:21:41 : INFO] - Cache for URL: http://localhost/wordpress/?post_type=product&p=1075 has been purged, triggered by action: save_post 
[2024-12-24 12:21:41 : INFO] - Cache for archive page associated with post_type: product and Title: "AUTO-DRAFT" has been purged, triggered by action: save_post 
[2024-12-24 12:38:18 : INFO] - Cache for URL: http://localhost/wordpress/?page_id=1076 has been purged, triggered by action: save_post 
[2024-12-24 12:38:37 : INFO] - Cache for URL: http://localhost/wordpress/?page_id=1076 has been purged, triggered by action: save_post 
[2024-12-24 12:41:40 : INFO] - Cache for multiple term taxonomy have been purged due to post terms update, triggered by action: set_object_terms 
[2024-12-25 04:54:36 : INFO] - Cache for URL: http://localhost/wordpress/?post_type=product&p=1081 has been purged, triggered by action: save_post 
[2024-12-25 04:54:36 : INFO] - Cache for archive page associated with post_type: product and Title: "AUTO-DRAFT" has been purged, triggered by action: save_post 
[2024-12-25 04:57:14 : INFO] - Cache for URL: http://localhost/wordpress/?post_type=product&p=1082 has been purged, triggered by action: save_post 
[2024-12-25 04:57:14 : INFO] - Cache for archive page associated with post_type: product and Title: "AUTO-DRAFT" has been purged, triggered by action: save_post 
[2024-12-25 04:57:47 : INFO] - Cache for multiple term taxonomy have been purged due to post terms update, triggered by action: set_object_terms 
[2024-12-25 04:57:47 : INFO] - Cache for multiple term taxonomy have been purged due to post terms update, triggered by action: set_object_terms 
[2024-12-25 04:57:47 : INFO] - Cache for URL: http://localhost/wordpress/?post_type=product&p=1082 has been purged, triggered by action: woocommerce_product_set_stock 
[2024-12-25 04:57:57 : INFO] - Cache for multiple term taxonomy have been purged due to post terms update, triggered by action: set_object_terms 
[2024-12-25 04:57:57 : INFO] - Cache for multiple term taxonomy have been purged due to post terms update, triggered by action: set_object_terms 
[2024-12-25 04:58:05 : INFO] - Cache for URL: http://localhost/wordpress/?post_type=product&p=1082&attribute_pa_colour=black&attribute_pa_size=l has been purged, triggered by action: woocommerce_variation_set_stock 
[2024-12-25 04:58:05 : INFO] - Cache for URL: http://localhost/wordpress/?post_type=product&p=1082&attribute_pa_colour=black&attribute_pa_size=m has been purged, triggered by action: woocommerce_variation_set_stock 
[2024-12-25 04:58:05 : INFO] - Cache for URL: http://localhost/wordpress/?post_type=product&p=1082&attribute_pa_colour=white&attribute_pa_size=l has been purged, triggered by action: woocommerce_variation_set_stock 
[2024-12-25 04:58:05 : INFO] - Cache for URL: http://localhost/wordpress/?post_type=product&p=1082&attribute_pa_colour=white&attribute_pa_size=m has been purged, triggered by action: woocommerce_variation_set_stock 
[2024-12-25 04:58:05 : INFO] - Cache for multiple term taxonomy have been purged due to post terms update, triggered by action: set_object_terms 
[2024-12-25 05:01:37 : INFO] - Cache for URL: http://localhost/wordpress/?post_type=product&p=1087 has been purged, triggered by action: save_post 
[2024-12-25 05:01:37 : INFO] - Cache for archive page associated with post_type: product and Title: "AUTO-DRAFT" has been purged, triggered by action: save_post 
[2024-12-25 05:02:53 : INFO] - Cache for multiple term taxonomy have been purged due to post terms update, triggered by action: set_object_terms 
[2024-12-25 05:02:53 : INFO] - Cache for multiple term taxonomy have been purged due to post terms update, triggered by action: set_object_terms 
[2024-12-25 05:02:53 : INFO] - Cache for multiple term taxonomy have been purged due to post terms update, triggered by action: set_object_terms 
[2024-12-25 05:02:53 : INFO] - Cache for URL: http://localhost/wordpress/?post_type=product&p=1087 has been purged, triggered by action: woocommerce_product_set_stock 
[2024-12-25 05:04:36 : INFO] - Cache for URL: http://localhost/wordpress/?post_type=product&p=1087 has been purged, triggered by action: woocommerce_variation_set_stock 
[2024-12-25 05:04:36 : INFO] - Cache for multiple term taxonomy have been purged due to post terms update, triggered by action: set_object_terms 
[2024-12-25 05:12:05 : INFO] - Cache for URL: http://localhost/wordpress/?post_type=product&p=1090 has been purged, triggered by action: save_post 
[2024-12-25 05:12:05 : INFO] - Cache for archive page associated with post_type: product and Title: "AUTO-DRAFT" has been purged, triggered by action: save_post 
[2024-12-25 05:12:19 : INFO] - Cache for URL: http://localhost/wordpress/?post_type=product&p=1091 has been purged, triggered by action: save_post 
[2024-12-25 05:12:19 : INFO] - Cache for archive page associated with post_type: product and Title: "AUTO-DRAFT" has been purged, triggered by action: save_post 
[2024-12-25 05:14:45 : INFO] - Cache for URL: http://localhost/wordpress/?post_type=product&p=1092 has been purged, triggered by action: save_post 
[2024-12-25 05:14:45 : INFO] - Cache for archive page associated with post_type: product and Title: "AUTO-DRAFT" has been purged, triggered by action: save_post 
[2024-12-25 05:15:39 : INFO] - Cache for multiple term taxonomy have been purged due to post terms update, triggered by action: set_object_terms 
[2024-12-25 05:15:39 : INFO] - Cache for multiple term taxonomy have been purged due to post terms update, triggered by action: set_object_terms 
[2024-12-25 05:15:39 : INFO] - Cache for URL: http://localhost/wordpress/?post_type=product&p=1092 has been purged, triggered by action: woocommerce_product_set_stock 
[2024-12-25 05:15:46 : INFO] - Cache for multiple term taxonomy have been purged due to post terms update, triggered by action: set_object_terms 
[2024-12-25 05:15:46 : INFO] - Cache for multiple term taxonomy have been purged due to post terms update, triggered by action: set_object_terms 
[2024-12-25 05:15:53 : INFO] - Cache for URL: http://localhost/wordpress/?post_type=product&p=1092&attribute_pa_colour=black&attribute_pa_size=l has been purged, triggered by action: woocommerce_variation_set_stock 
[2024-12-25 05:15:53 : INFO] - Cache for URL: http://localhost/wordpress/?post_type=product&p=1092&attribute_pa_colour=black&attribute_pa_size=m has been purged, triggered by action: woocommerce_variation_set_stock 
[2024-12-25 05:15:53 : INFO] - Cache for URL: http://localhost/wordpress/?post_type=product&p=1092&attribute_pa_colour=black&attribute_pa_size=s has been purged, triggered by action: woocommerce_variation_set_stock 
[2024-12-25 05:15:53 : INFO] - Cache for URL: http://localhost/wordpress/?post_type=product&p=1092&attribute_pa_colour=white&attribute_pa_size=l has been purged, triggered by action: woocommerce_variation_set_stock 
[2024-12-25 05:15:54 : INFO] - Cache for URL: http://localhost/wordpress/?post_type=product&p=1092&attribute_pa_colour=white&attribute_pa_size=m has been purged, triggered by action: woocommerce_variation_set_stock 
[2024-12-25 05:15:54 : INFO] - Cache for URL: http://localhost/wordpress/?post_type=product&p=1092&attribute_pa_colour=white&attribute_pa_size=s has been purged, triggered by action: woocommerce_variation_set_stock 
[2024-12-25 05:15:54 : INFO] - Cache for multiple term taxonomy have been purged due to post terms update, triggered by action: set_object_terms 
[2024-12-25 05:19:51 : INFO] - Cache for multiple term taxonomy have been purged due to post terms update, triggered by action: set_object_terms 
[2024-12-25 05:19:51 : INFO] - Cache for multiple term taxonomy have been purged due to post terms update, triggered by action: set_object_terms 
[2024-12-25 05:19:51 : INFO] - Cache for multiple term taxonomy have been purged due to post terms update, triggered by action: set_object_terms 
[2024-12-25 05:19:51 : INFO] - Cache for URL: http://localhost/wordpress/?product=men-shirt has been purged, triggered by action: save_post 
[2024-12-25 05:19:51 : INFO] - Cache for archive page associated with post_type: product and Title: "Men shirt" has been purged, triggered by action: save_post 
[2024-12-25 05:22:41 : INFO] - Cache for multiple term taxonomy have been purged due to post terms update, triggered by action: set_object_terms 
[2024-12-25 05:22:41 : INFO] - Cache for multiple term taxonomy have been purged due to post terms update, triggered by action: set_object_terms 
[2024-12-25 05:22:41 : INFO] - Cache for multiple term taxonomy have been purged due to post terms update, triggered by action: set_object_terms 
[2024-12-25 05:22:41 : INFO] - Cache for URL: http://localhost/wordpress/?product=men-shirt has been purged, triggered by action: save_post 
[2024-12-25 05:22:41 : INFO] - Cache for archive page associated with post_type: product and Title: "Men shirt" has been purged, triggered by action: save_post 
[2024-12-25 05:24:16 : INFO] - Cache for multiple term taxonomy have been purged due to post terms update, triggered by action: set_object_terms 
[2024-12-25 05:24:16 : INFO] - Cache for multiple term taxonomy have been purged due to post terms update, triggered by action: set_object_terms 
[2024-12-25 05:24:16 : INFO] - Cache for multiple term taxonomy have been purged due to post terms update, triggered by action: set_object_terms 
[2024-12-25 05:24:17 : INFO] - Cache for URL: http://localhost/wordpress/?product=men-shirt has been purged, triggered by action: save_post 
[2024-12-25 05:24:17 : INFO] - Cache for archive page associated with post_type: product and Title: "Men shirt" has been purged, triggered by action: save_post 
[2024-12-25 05:26:49 : INFO] - Cache for multiple term taxonomy have been purged due to post terms update, triggered by action: set_object_terms 
[2024-12-25 05:26:50 : INFO] - Cache for multiple term taxonomy have been purged due to post terms update, triggered by action: set_object_terms 
[2024-12-25 05:26:50 : INFO] - Cache for multiple term taxonomy have been purged due to post terms update, triggered by action: set_object_terms 
[2024-12-25 05:26:50 : INFO] - Cache for URL: http://localhost/wordpress/?product=men-shirt has been purged, triggered by action: save_post 
[2024-12-25 05:26:50 : INFO] - Cache for archive page associated with post_type: product and Title: "Men shirt" has been purged, triggered by action: save_post 
[2024-12-25 05:28:25 : INFO] - Cache for multiple term taxonomy have been purged due to post terms update, triggered by action: set_object_terms 
[2024-12-25 05:28:25 : INFO] - Cache for multiple term taxonomy have been purged due to post terms update, triggered by action: set_object_terms 
[2024-12-25 05:28:25 : INFO] - Cache for multiple term taxonomy have been purged due to post terms update, triggered by action: set_object_terms 
[2024-12-25 05:28:25 : INFO] - Cache for URL: http://localhost/wordpress/?product=men-shirt has been purged, triggered by action: save_post 
[2024-12-25 05:28:25 : INFO] - Cache for archive page associated with post_type: product and Title: "Men shirt" has been purged, triggered by action: save_post 
[2024-12-25 05:28:57 : INFO] - Cache for URL: http://localhost/wordpress/?post_type=product&p=1101 has been purged, triggered by action: save_post 
[2024-12-25 05:28:57 : INFO] - Cache for archive page associated with post_type: product and Title: "AUTO-DRAFT" has been purged, triggered by action: save_post 
[2024-12-25 05:35:52 : INFO] - Cache for multiple term taxonomy have been purged due to post terms update, triggered by action: set_object_terms 
[2024-12-25 05:35:52 : INFO] - Cache for multiple term taxonomy have been purged due to post terms update, triggered by action: set_object_terms 
[2024-12-25 05:35:52 : INFO] - Cache for URL: http://localhost/wordpress/?post_type=product&p=1101 has been purged, triggered by action: woocommerce_product_set_stock 
[2024-12-25 05:35:58 : INFO] - Cache for multiple term taxonomy have been purged due to post terms update, triggered by action: set_object_terms 
[2024-12-25 05:35:58 : INFO] - Cache for multiple term taxonomy have been purged due to post terms update, triggered by action: set_object_terms 
[2024-12-25 05:36:14 : INFO] - Cache for URL: http://localhost/wordpress/?post_type=product&p=1101&attribute_pa_colour=black&attribute_pa_size=l has been purged, triggered by action: woocommerce_variation_set_stock 
[2024-12-25 05:36:14 : INFO] - Cache for URL: http://localhost/wordpress/?post_type=product&p=1101&attribute_pa_colour=black&attribute_pa_size=m has been purged, triggered by action: woocommerce_variation_set_stock 
[2024-12-25 05:36:14 : INFO] - Cache for URL: http://localhost/wordpress/?post_type=product&p=1101&attribute_pa_colour=black&attribute_pa_size=s has been purged, triggered by action: woocommerce_variation_set_stock 
[2024-12-25 05:36:14 : INFO] - Cache for URL: http://localhost/wordpress/?post_type=product&p=1101&attribute_pa_colour=white&attribute_pa_size=l has been purged, triggered by action: woocommerce_variation_set_stock 
[2024-12-25 05:36:14 : INFO] - Cache for URL: http://localhost/wordpress/?post_type=product&p=1101&attribute_pa_colour=white&attribute_pa_size=m has been purged, triggered by action: woocommerce_variation_set_stock 
[2024-12-25 05:36:15 : INFO] - Cache for URL: http://localhost/wordpress/?post_type=product&p=1101&attribute_pa_colour=white&attribute_pa_size=s has been purged, triggered by action: woocommerce_variation_set_stock 
[2024-12-25 05:36:15 : INFO] - Cache for multiple term taxonomy have been purged due to post terms update, triggered by action: set_object_terms 
[2024-12-25 05:43:13 : INFO] - Cache for multiple term taxonomy have been purged due to post terms update, triggered by action: set_object_terms 
[2024-12-25 05:43:13 : INFO] - Cache for multiple term taxonomy have been purged due to post terms update, triggered by action: set_object_terms 
[2024-12-25 05:43:13 : INFO] - Cache for multiple term taxonomy have been purged due to post terms update, triggered by action: set_object_terms 
[2024-12-25 05:43:13 : INFO] - Cache for URL: http://localhost/wordpress/?product=women-shirt has been purged, triggered by action: save_post 
[2024-12-25 05:43:13 : INFO] - Cache for archive page associated with post_type: product and Title: "Women Shirt" has been purged, triggered by action: save_post 
[2024-12-25 05:43:43 : INFO] - Cache for multiple term taxonomy have been purged due to post terms update, triggered by action: set_object_terms 
[2024-12-25 05:43:43 : INFO] - Cache for multiple term taxonomy have been purged due to post terms update, triggered by action: set_object_terms 
[2024-12-25 05:43:43 : INFO] - Cache for multiple term taxonomy have been purged due to post terms update, triggered by action: set_object_terms 
[2024-12-25 05:43:43 : INFO] - Cache for URL: http://localhost/wordpress/?product=women-shirt has been purged, triggered by action: save_post 
[2024-12-25 05:43:43 : INFO] - Cache for archive page associated with post_type: product and Title: "Women Shirt" has been purged, triggered by action: save_post 
[2024-12-25 05:54:12 : INFO] - Cache for multiple term taxonomy have been purged due to post terms update, triggered by action: set_object_terms 
[2024-12-25 06:31:04 : INFO] - Cache for URL: http://localhost/wordpress/?page_id=985 has been purged, triggered by action: save_post 
[2024-12-25 06:31:13 : INFO] - Cache for URL: http://localhost/wordpress/?page_id=983 has been purged, triggered by action: save_post 
[2024-12-25 06:31:26 : INFO] - Cache for URL: http://localhost/wordpress/?page_id=982 has been purged, triggered by action: save_post 
[2024-12-25 06:36:48 : INFO] - Cache for URL: http://localhost/wordpress/?page_id=982 has been purged, triggered by action: save_post 
[2024-12-25 06:37:51 : INFO] - Cache for URL: http://localhost/wordpress/?page_id=984 has been purged, triggered by action: save_post 
[2024-12-25 06:38:16 : INFO] - Cache for URL: http://localhost/wordpress/?page_id=982 has been purged, triggered by action: save_post 
[2024-12-25 06:38:39 : INFO] - Cache for URL: http://localhost/wordpress/?page_id=983 has been purged, triggered by action: save_post 
[2024-12-25 06:39:00 : INFO] - Cache for URL: http://localhost/wordpress/?page_id=985 has been purged, triggered by action: save_post 
[2024-12-25 06:39:17 : INFO] - Cache for URL: http://localhost/wordpress/?page_id=982 has been purged, triggered by action: save_post 
[2024-12-25 06:39:55 : INFO] - Cache for URL: http://localhost/wordpress/?page_id=982 has been purged, triggered by action: save_post 
[2024-12-25 06:40:21 : INFO] - Cache for URL: http://localhost/wordpress/?page_id=982 has been purged, triggered by action: save_post 
[2024-12-25 06:41:33 : INFO] - Cache for URL: http://localhost/wordpress/?page_id=982 has been purged, triggered by action: save_post 
[2024-12-25 06:42:41 : INFO] - Cache for multiple term taxonomy have been purged due to post terms update, triggered by action: set_object_terms 
[2024-12-25 06:43:33 : INFO] - Cache for URL: http://localhost/wordpress/?page_id=982 has been purged, triggered by action: save_post 
[2024-12-25 06:43:37 : INFO] - Cache for URL: http://localhost/wordpress/?page_id=1076 has been purged, triggered by action: wp_trash_post 
[2024-12-25 06:43:37 : INFO] - Cache for URL: http://localhost/wordpress/?page_id=1076 has been purged, triggered by action: save_post 
[2024-12-25 06:43:46 : INFO] - Cache for URL: http://localhost/wordpress/?page_id=982 has been purged, triggered by action: save_post 
[2024-12-25 07:13:24 : INFO] - Cache for URL: http://localhost/wordpress/?page_id=982 has been purged, triggered by action: save_post 
[2024-12-25 07:47:41 : INFO] - Cache for URL: http://localhost/wordpress/?page_id=982 has been purged, triggered by action: save_post 
[2024-12-25 07:52:17 : INFO] - Cache for multiple term taxonomy have been purged due to post terms update, triggered by action: set_object_terms 
[2024-12-25 07:52:17 : INFO] - Cache for multiple term taxonomy have been purged due to post terms update, triggered by action: set_object_terms 
[2024-12-25 07:52:17 : INFO] - Cache for multiple term taxonomy have been purged due to post terms update, triggered by action: set_object_terms 
[2024-12-25 07:52:17 : INFO] - Cache for multiple term taxonomy have been purged due to post terms update, triggered by action: set_object_terms 
[2024-12-25 07:53:20 : INFO] - Cache for URL: http://localhost/wordpress/?page_id=985 has been purged, triggered by action: save_post 
[2024-12-25 07:54:39 : INFO] - Cache for URL: http://localhost/wordpress/?page_id=985 has been purged, triggered by action: save_post 
[2024-12-25 07:57:58 : INFO] - Cache for URL: http://localhost/wordpress/?page_id=985 has been purged, triggered by action: save_post 
[2024-12-25 07:57:58 : INFO] - Cache for URL: http://localhost/wordpress/?page_id=985 has been purged, triggered by action: save_post 
[2024-12-25 07:57:58 : INFO] - Cache for URL: http://localhost/wordpress/?page_id=985 has been purged, triggered by action: save_post 
[2024-12-25 07:58:15 : INFO] - Cache for URL: http://localhost/wordpress/?page_id=985 has been purged, triggered by action: save_post 
[2024-12-25 07:58:15 : INFO] - Cache for URL: http://localhost/wordpress/?page_id=985 has been purged, triggered by action: save_post 
[2024-12-25 07:58:15 : INFO] - Cache for URL: http://localhost/wordpress/?page_id=985 has been purged, triggered by action: save_post 
[2024-12-25 08:51:37 : INFO] - Cache for URL: http://localhost/wordpress/?page_id=985 has been purged, triggered by action: save_post 
[2024-12-25 08:51:38 : INFO] - Cache for URL: http://localhost/wordpress/?page_id=985 has been purged, triggered by action: save_post 
[2024-12-25 08:51:38 : INFO] - Cache for URL: http://localhost/wordpress/?page_id=985 has been purged, triggered by action: save_post 
[2024-12-25 08:59:22 : INFO] - Cache for URL: http://localhost/wordpress/?page_id=985 has been purged, triggered by action: save_post 
[2024-12-25 08:59:22 : INFO] - Cache for URL: http://localhost/wordpress/?page_id=985 has been purged, triggered by action: save_post 
[2024-12-25 08:59:22 : INFO] - Cache for URL: http://localhost/wordpress/?page_id=985 has been purged, triggered by action: save_post 
[2024-12-25 09:00:52 : INFO] - Cache for URL: http://localhost/wordpress/?page_id=985 has been purged, triggered by action: save_post 
[2024-12-25 09:00:52 : INFO] - Cache for URL: http://localhost/wordpress/?page_id=985 has been purged, triggered by action: save_post 
[2024-12-25 09:00:53 : INFO] - Cache for URL: http://localhost/wordpress/?page_id=985 has been purged, triggered by action: save_post 
[2024-12-25 09:02:48 : INFO] - Cache for URL: http://localhost/wordpress/?page_id=985 has been purged, triggered by action: save_post 
[2024-12-25 09:02:48 : INFO] - Cache for URL: http://localhost/wordpress/?page_id=985 has been purged, triggered by action: save_post 
[2024-12-25 09:02:48 : INFO] - Cache for URL: http://localhost/wordpress/?page_id=985 has been purged, triggered by action: save_post 
[2024-12-25 09:04:26 : INFO] - Cache for URL: http://localhost/wordpress/?page_id=985 has been purged, triggered by action: save_post 
[2024-12-25 09:04:26 : INFO] - Cache for URL: http://localhost/wordpress/?page_id=985 has been purged, triggered by action: save_post 
[2024-12-25 09:04:26 : INFO] - Cache for URL: http://localhost/wordpress/?page_id=985 has been purged, triggered by action: save_post 
[2024-12-25 09:05:59 : INFO] - Cache for URL: http://localhost/wordpress/?page_id=985 has been purged, triggered by action: save_post 
[2024-12-25 09:05:59 : INFO] - Cache for URL: http://localhost/wordpress/?page_id=985 has been purged, triggered by action: save_post 
[2024-12-25 09:05:59 : INFO] - Cache for URL: http://localhost/wordpress/?page_id=985 has been purged, triggered by action: save_post 
[2024-12-25 09:15:28 : INFO] - Cache for URL: http://localhost/wordpress/?page_id=985 has been purged, triggered by action: save_post 
[2024-12-25 09:15:28 : INFO] - Cache for URL: http://localhost/wordpress/?page_id=985 has been purged, triggered by action: save_post 
[2024-12-25 09:15:28 : INFO] - Cache for URL: http://localhost/wordpress/?page_id=985 has been purged, triggered by action: save_post 
[2024-12-25 09:19:30 : INFO] - Cache for URL: http://localhost/wordpress/?page_id=985 has been purged, triggered by action: save_post 
[2024-12-25 09:19:30 : INFO] - Cache for URL: http://localhost/wordpress/?page_id=985 has been purged, triggered by action: save_post 
[2024-12-25 09:19:31 : INFO] - Cache for URL: http://localhost/wordpress/?page_id=985 has been purged, triggered by action: save_post 
[2024-12-25 09:23:08 : INFO] - Cache for URL: http://localhost/wordpress/?page_id=985 has been purged, triggered by action: save_post 
[2024-12-25 09:23:08 : INFO] - Cache for URL: http://localhost/wordpress/?page_id=985 has been purged, triggered by action: save_post 
[2024-12-25 09:23:08 : INFO] - Cache for URL: http://localhost/wordpress/?page_id=985 has been purged, triggered by action: save_post 
[2024-12-25 09:43:23 : INFO] - Cache for URL: http://localhost/wordpress/?post_type=product&p=1208 has been purged, triggered by action: save_post 
[2024-12-25 09:43:23 : INFO] - Cache for archive page associated with post_type: product and Title: "AUTO-DRAFT" has been purged, triggered by action: save_post 
[2024-12-25 09:43:57 : INFO] - Cache for URL: http://localhost/wordpress/?post_type=product&p=1209 has been purged, triggered by action: save_post 
[2024-12-25 09:43:57 : INFO] - Cache for archive page associated with post_type: product and Title: "AUTO-DRAFT" has been purged, triggered by action: save_post 
[2024-12-25 09:44:32 : INFO] - Cache for multiple term taxonomy have been purged due to post terms update, triggered by action: set_object_terms 
[2024-12-25 09:44:32 : INFO] - Cache for URL: http://localhost/wordpress/?product=combine-of-2 has been purged, triggered by action: woocommerce_product_set_stock 
[2024-12-25 09:44:32 : INFO] - Cache for URL: http://localhost/wordpress/?product=combine-of-2 has been purged, triggered by action: save_post 
[2024-12-25 09:44:32 : INFO] - Cache for archive page associated with post_type: product and Title: "Combine of 2" has been purged, triggered by action: save_post 
[2024-12-25 09:48:10 : INFO] - Cache for multiple term taxonomy have been purged due to post terms update, triggered by action: set_object_terms 
[2024-12-25 09:48:10 : INFO] - Cache for URL: http://localhost/wordpress/?product=combine-of-2 has been purged, triggered by action: save_post 
[2024-12-25 09:48:10 : INFO] - Cache for archive page associated with post_type: product and Title: "Combine of 2" has been purged, triggered by action: save_post 
[2024-12-25 09:49:59 : INFO] - Cache for multiple term taxonomy have been purged due to post terms update, triggered by action: set_object_terms 
[2024-12-25 09:49:59 : INFO] - Cache for URL: http://localhost/wordpress/?product=combine-of-2 has been purged, triggered by action: save_post 
[2024-12-25 09:49:59 : INFO] - Cache for archive page associated with post_type: product and Title: "Combine of 2" has been purged, triggered by action: save_post 
[2024-12-25 09:50:26 : INFO] - Cache for multiple term taxonomy have been purged due to post terms update, triggered by action: set_object_terms 
[2024-12-25 09:50:26 : INFO] - Cache for URL: http://localhost/wordpress/?product=combine-of-2 has been purged, triggered by action: save_post 
[2024-12-25 09:50:26 : INFO] - Cache for archive page associated with post_type: product and Title: "Combine of 2" has been purged, triggered by action: save_post 
[2024-12-25 09:50:57 : INFO] - Cache for URL: http://localhost/wordpress/?post_type=product&p=1211 has been purged, triggered by action: save_post 
[2024-12-25 09:50:57 : INFO] - Cache for archive page associated with post_type: product and Title: "AUTO-DRAFT" has been purged, triggered by action: save_post 
[2024-12-25 09:56:37 : INFO] - Cache for multiple term taxonomy have been purged due to post terms update, triggered by action: set_object_terms 
[2024-12-25 09:56:37 : INFO] - Cache for URL: http://localhost/wordpress/?product=baby-girl-dress has been purged, triggered by action: woocommerce_product_set_stock 
[2024-12-25 09:56:38 : INFO] - Cache for URL: http://localhost/wordpress/?product=baby-girl-dress has been purged, triggered by action: save_post 
[2024-12-25 09:56:38 : INFO] - Cache for archive page associated with post_type: product and Title: "Baby Girl Dress" has been purged, triggered by action: save_post 
[2024-12-25 09:59:58 : INFO] - Cache for multiple term taxonomy have been purged due to post terms update, triggered by action: set_object_terms 
[2024-12-25 09:59:58 : INFO] - Cache for URL: http://localhost/wordpress/?product=baby-girl-dress has been purged, triggered by action: save_post 
[2024-12-25 09:59:58 : INFO] - Cache for archive page associated with post_type: product and Title: "Baby Girl Dress" has been purged, triggered by action: save_post 
[2024-12-25 10:39:36 : INFO] - Cache for multiple term taxonomy have been purged due to post terms update, triggered by action: set_object_terms 
[2024-12-25 10:39:36 : INFO] - Cache for multiple term taxonomy have been purged due to post terms update, triggered by action: set_object_terms 
[2024-12-25 10:39:36 : INFO] - Cache for multiple term taxonomy have been purged due to post terms update, triggered by action: set_object_terms 
[2024-12-25 10:39:36 : INFO] - Cache for URL: http://localhost/wordpress/?product=women-shirt has been purged, triggered by action: save_post 
[2024-12-25 10:39:36 : INFO] - Cache for archive page associated with post_type: product and Title: "Women Shirt" has been purged, triggered by action: save_post 
[2024-12-26 04:14:58 : INFO] - Cache for URL: http://localhost/wordpress/?post_type=product&p=1222 has been purged, triggered by action: save_post 
[2024-12-26 04:14:58 : INFO] - Cache for archive page associated with post_type: product and Title: "AUTO-DRAFT" has been purged, triggered by action: save_post 
[2024-12-26 04:15:26 : INFO] - Cache for term page with URL: http://localhost/wordpress/?product_cat=shirt  have been purged, triggered by action: edit_terms 
[2024-12-26 04:15:26 : INFO] - Cache for associated posts for term with URL: http://localhost/wordpress/?product_cat=shirt have been purged, triggered by action: edit_terms 
[2024-12-26 04:17:25 : INFO] - Cache for URL: http://localhost/wordpress/?post_type=product&p=1223 has been purged, triggered by action: save_post 
[2024-12-26 04:17:25 : INFO] - Cache for archive page associated with post_type: product and Title: "AUTO-DRAFT" has been purged, triggered by action: save_post 
[2024-12-26 04:19:25 : INFO] - Cache for URL: http://localhost/wordpress/?post_type=product&p=1224 has been purged, triggered by action: save_post 
[2024-12-26 04:19:25 : INFO] - Cache for archive page associated with post_type: product and Title: "AUTO-DRAFT" has been purged, triggered by action: save_post 
[2024-12-26 04:19:46 : INFO] - Cache for URL: http://localhost/wordpress/?post_type=product&p=1225 has been purged, triggered by action: save_post 
[2024-12-26 04:19:46 : INFO] - Cache for archive page associated with post_type: product and Title: "AUTO-DRAFT" has been purged, triggered by action: save_post 
[2024-12-26 04:21:05 : INFO] - Cache for multiple term taxonomy have been purged due to post terms update, triggered by action: set_object_terms 
[2024-12-26 04:21:05 : INFO] - Cache for URL: http://localhost/wordpress/?product=men-watch has been purged, triggered by action: woocommerce_product_set_stock 
[2024-12-26 04:21:05 : INFO] - Cache for URL: http://localhost/wordpress/?product=men-watch has been purged, triggered by action: save_post 
[2024-12-26 04:21:05 : INFO] - Cache for archive page associated with post_type: product and Title: "Men Watch" has been purged, triggered by action: save_post 
[2024-12-26 04:21:56 : INFO] - Cache for multiple term taxonomy have been purged due to post terms update, triggered by action: set_object_terms 
[2024-12-26 04:21:56 : INFO] - Cache for URL: http://localhost/wordpress/?product=men-watch has been purged, triggered by action: save_post 
[2024-12-26 04:21:56 : INFO] - Cache for archive page associated with post_type: product and Title: "Men Watch" has been purged, triggered by action: save_post 
[2024-12-26 04:22:11 : INFO] - Cache for multiple term taxonomy have been purged due to post terms update, triggered by action: set_object_terms 
[2024-12-26 04:22:11 : INFO] - Cache for URL: http://localhost/wordpress/?product=men-watch has been purged, triggered by action: save_post 
[2024-12-26 04:22:11 : INFO] - Cache for archive page associated with post_type: product and Title: "Men Watch" has been purged, triggered by action: save_post 
[2024-12-26 04:22:50 : INFO] - Cache for multiple term taxonomy have been purged due to post terms update, triggered by action: set_object_terms 
[2024-12-26 04:22:50 : INFO] - Cache for URL: http://localhost/wordpress/?product=men-watch has been purged, triggered by action: save_post 
[2024-12-26 04:22:50 : INFO] - Cache for archive page associated with post_type: product and Title: "Men Watch" has been purged, triggered by action: save_post 
[2024-12-26 04:24:08 : INFO] - Cache for URL: http://localhost/wordpress/?post_type=product&p=1228 has been purged, triggered by action: save_post 
[2024-12-26 04:24:08 : INFO] - Cache for archive page associated with post_type: product and Title: "AUTO-DRAFT" has been purged, triggered by action: save_post 
[2024-12-26 04:26:35 : INFO] - Cache for multiple term taxonomy have been purged due to post terms update, triggered by action: set_object_terms 
[2024-12-26 04:26:35 : INFO] - Cache for URL: http://localhost/wordpress/?product=kids-shoes has been purged, triggered by action: woocommerce_product_set_stock 
[2024-12-26 04:26:35 : INFO] - Cache for URL: http://localhost/wordpress/?product=kids-shoes has been purged, triggered by action: save_post 
[2024-12-26 04:26:35 : INFO] - Cache for archive page associated with post_type: product and Title: "Kids Shoes" has been purged, triggered by action: save_post 
[2024-12-26 04:27:21 : INFO] - Cache for multiple term taxonomy have been purged due to post terms update, triggered by action: set_object_terms 
[2024-12-26 04:27:21 : INFO] - Cache for URL: http://localhost/wordpress/?product=kids-shoes has been purged, triggered by action: save_post 
[2024-12-26 04:27:21 : INFO] - Cache for archive page associated with post_type: product and Title: "Kids Shoes" has been purged, triggered by action: save_post 
[2024-12-26 04:27:51 : INFO] - Cache for URL: http://localhost/wordpress/?post_type=product&p=1230 has been purged, triggered by action: save_post 
[2024-12-26 04:27:51 : INFO] - Cache for archive page associated with post_type: product and Title: "AUTO-DRAFT" has been purged, triggered by action: save_post 
[2024-12-26 04:32:45 : INFO] - Cache for multiple term taxonomy have been purged due to post terms update, triggered by action: set_object_terms 
[2024-12-26 04:32:45 : INFO] - Cache for URL: http://localhost/wordpress/?product=watch has been purged, triggered by action: woocommerce_product_set_stock 
[2024-12-26 04:32:45 : INFO] - Cache for URL: http://localhost/wordpress/?product=watch has been purged, triggered by action: save_post 
[2024-12-26 04:32:45 : INFO] - Cache for archive page associated with post_type: product and Title: "Watch" has been purged, triggered by action: save_post 
[2024-12-26 05:22:03 : INFO] - Cache for URL: http://localhost/wordpress/?p=1236 has been purged, triggered by action: save_post 
[2024-12-26 05:22:03 : INFO] - Cache for blog post has been purged due to updates to post with Title: "Auto Draft" and URL: http://localhost/wordpress/?p=1236, triggered by action: save_post 
[2024-12-26 05:22:03 : INFO] - Cache for previous post (with URL: http://localhost/wordpress/?p=498) adjacent to post with id: 1236 has been purged, triggered by action: save_post 
[2024-12-26 05:22:03 : INFO] - Cache for all archives page associated with post_type: post and Title: "Auto Draft" have been purged, triggered by action: save_post 
[2024-12-26 05:24:48 : INFO] - Cache for URL: http://localhost/wordpress/?elementor_library=default-kit has been purged, triggered by action: save_post 
[2024-12-26 05:24:49 : INFO] - Cache for URL: http://localhost/wordpress/?elementor_library=default-kit has been purged, triggered by action: save_post 
[2024-12-26 05:24:49 : INFO] - Cache for URL: http://localhost/wordpress/?elementor_library=default-kit has been purged, triggered by action: save_post 
[2024-12-26 11:50:58 : INFO] - Full Cache Purge triggered by: plugin activation/deactivation 
[2024-12-26 12:07:40 : INFO] - Cache for URL: http://localhost/wordpress/ has been purged, triggered by action: save_post 
[2024-12-26 12:07:41 : INFO] - Cache for URL: http://localhost/wordpress/ has been purged, triggered by action: save_post 
[2024-12-26 12:07:41 : INFO] - Cache for URL: http://localhost/wordpress/ has been purged, triggered by action: save_post 
[2024-12-26 12:40:55 : INFO] - Cache for URL: http://localhost/wordpress/ has been purged, triggered by action: save_post 
[2024-12-26 12:40:55 : INFO] - Cache for URL: http://localhost/wordpress/ has been purged, triggered by action: save_post 
[2024-12-26 12:40:55 : INFO] - Cache for URL: http://localhost/wordpress/ has been purged, triggered by action: save_post 
[2024-12-27 04:14:00 : INFO] - Cache for URL: http://localhost/wordpress/ has been purged, triggered by action: save_post 
[2024-12-27 04:14:00 : INFO] - Cache for URL: http://localhost/wordpress/ has been purged, triggered by action: save_post 
[2024-12-27 04:14:01 : INFO] - Cache for URL: http://localhost/wordpress/ has been purged, triggered by action: save_post 
[2024-12-27 07:46:07 : INFO] - Cache for URL: http://localhost/wordpress/ has been purged, triggered by action: save_post 
[2024-12-27 07:46:07 : INFO] - Cache for URL: http://localhost/wordpress/ has been purged, triggered by action: save_post 
[2024-12-27 07:46:07 : INFO] - Cache for URL: http://localhost/wordpress/ has been purged, triggered by action: save_post 
[2024-12-27 07:47:31 : INFO] - Cache for URL: http://localhost/wordpress/ has been purged, triggered by action: save_post 
[2024-12-27 07:47:31 : INFO] - Cache for URL: http://localhost/wordpress/ has been purged, triggered by action: save_post 
[2024-12-27 07:47:32 : INFO] - Cache for URL: http://localhost/wordpress/ has been purged, triggered by action: save_post 
[2024-12-27 08:00:44 : INFO] - Cache for URL: http://localhost/wordpress/ has been purged, triggered by action: save_post 
[2024-12-27 08:00:44 : INFO] - Cache for URL: http://localhost/wordpress/ has been purged, triggered by action: save_post 
[2024-12-27 08:00:44 : INFO] - Cache for URL: http://localhost/wordpress/ has been purged, triggered by action: save_post 
[2024-12-27 08:52:09 : INFO] - Cache for URL: http://localhost/wordpress/ has been purged, triggered by action: save_post 
[2024-12-27 08:52:09 : INFO] - Cache for URL: http://localhost/wordpress/ has been purged, triggered by action: save_post 
[2024-12-27 08:52:09 : INFO] - Cache for URL: http://localhost/wordpress/ has been purged, triggered by action: save_post 
[2024-12-27 09:56:08 : INFO] - Cache for URL: http://localhost/wordpress/ has been purged, triggered by action: save_post 
[2024-12-27 09:56:09 : INFO] - Cache for URL: http://localhost/wordpress/ has been purged, triggered by action: save_post 
[2024-12-27 09:56:09 : INFO] - Cache for URL: http://localhost/wordpress/ has been purged, triggered by action: save_post 
[2024-12-27 09:58:41 : INFO] - Cache for URL: http://localhost/wordpress/ has been purged, triggered by action: save_post 
[2024-12-27 09:58:41 : INFO] - Cache for URL: http://localhost/wordpress/ has been purged, triggered by action: save_post 
[2024-12-27 09:58:42 : INFO] - Cache for URL: http://localhost/wordpress/ has been purged, triggered by action: save_post 
[2024-12-27 10:00:05 : INFO] - Cache for URL: http://localhost/wordpress/ has been purged, triggered by action: save_post 
[2024-12-27 10:00:05 : INFO] - Cache for URL: http://localhost/wordpress/ has been purged, triggered by action: save_post 
[2024-12-27 10:00:05 : INFO] - Cache for URL: http://localhost/wordpress/ has been purged, triggered by action: save_post 
[2024-12-27 10:01:22 : INFO] - Cache for URL: http://localhost/wordpress/ has been purged, triggered by action: save_post 
[2024-12-27 10:01:22 : INFO] - Cache for URL: http://localhost/wordpress/ has been purged, triggered by action: save_post 
[2024-12-27 10:01:22 : INFO] - Cache for URL: http://localhost/wordpress/ has been purged, triggered by action: save_post 
[2024-12-27 10:02:01 : INFO] - Cache for URL: http://localhost/wordpress/ has been purged, triggered by action: save_post 
[2024-12-27 10:02:01 : INFO] - Cache for URL: http://localhost/wordpress/ has been purged, triggered by action: save_post 
[2024-12-27 10:02:02 : INFO] - Cache for URL: http://localhost/wordpress/ has been purged, triggered by action: save_post 
[2024-12-27 10:06:23 : INFO] - Cache for URL: http://localhost/wordpress/ has been purged, triggered by action: save_post 
[2024-12-27 10:06:24 : INFO] - Cache for URL: http://localhost/wordpress/ has been purged, triggered by action: save_post 
[2024-12-27 10:06:24 : INFO] - Cache for URL: http://localhost/wordpress/ has been purged, triggered by action: save_post 
[2024-12-27 10:07:13 : INFO] - Cache for URL: http://localhost/wordpress/ has been purged, triggered by action: save_post 
[2024-12-27 10:07:13 : INFO] - Cache for URL: http://localhost/wordpress/ has been purged, triggered by action: save_post 
[2024-12-27 10:07:13 : INFO] - Cache for URL: http://localhost/wordpress/ has been purged, triggered by action: save_post 
[2024-12-27 10:07:39 : INFO] - Cache for URL: http://localhost/wordpress/ has been purged, triggered by action: save_post 
[2024-12-27 10:07:40 : INFO] - Cache for URL: http://localhost/wordpress/ has been purged, triggered by action: save_post 
[2024-12-27 10:07:40 : INFO] - Cache for URL: http://localhost/wordpress/ has been purged, triggered by action: save_post 
[2024-12-27 10:09:47 : INFO] - Cache for URL: http://localhost/wordpress/ has been purged, triggered by action: save_post 
[2024-12-27 10:09:47 : INFO] - Cache for URL: http://localhost/wordpress/ has been purged, triggered by action: save_post 
[2024-12-27 10:09:48 : INFO] - Cache for URL: http://localhost/wordpress/ has been purged, triggered by action: save_post 
[2024-12-27 10:09:55 : INFO] - Cache for URL: http://localhost/wordpress/ has been purged, triggered by action: save_post 
[2024-12-27 10:09:55 : INFO] - Cache for URL: http://localhost/wordpress/ has been purged, triggered by action: save_post 
[2024-12-27 10:09:56 : INFO] - Cache for URL: http://localhost/wordpress/ has been purged, triggered by action: save_post 
[2024-12-27 10:11:04 : INFO] - Cache for URL: http://localhost/wordpress/ has been purged, triggered by action: save_post 
[2024-12-27 10:11:04 : INFO] - Cache for URL: http://localhost/wordpress/ has been purged, triggered by action: save_post 
[2024-12-27 10:11:04 : INFO] - Cache for URL: http://localhost/wordpress/ has been purged, triggered by action: save_post 
[2024-12-27 10:16:27 : INFO] - Cache for URL: http://localhost/wordpress/ has been purged, triggered by action: save_post 
[2024-12-27 10:16:27 : INFO] - Cache for URL: http://localhost/wordpress/ has been purged, triggered by action: save_post 
[2024-12-27 10:16:28 : INFO] - Cache for URL: http://localhost/wordpress/ has been purged, triggered by action: save_post 
[2024-12-27 10:20:39 : INFO] - Cache for URL: http://localhost/wordpress/ has been purged, triggered by action: save_post 
[2024-12-27 10:20:39 : INFO] - Cache for URL: http://localhost/wordpress/ has been purged, triggered by action: save_post 
[2024-12-27 10:20:39 : INFO] - Cache for URL: http://localhost/wordpress/ has been purged, triggered by action: save_post 
[2024-12-27 10:46:32 : INFO] - Cache for URL: http://localhost/wordpress/ has been purged, triggered by action: save_post 
[2024-12-27 10:46:32 : INFO] - Cache for URL: http://localhost/wordpress/ has been purged, triggered by action: save_post 
[2024-12-27 10:46:32 : INFO] - Cache for URL: http://localhost/wordpress/ has been purged, triggered by action: save_post 
[2024-12-27 10:47:46 : INFO] - Cache for URL: http://localhost/wordpress/ has been purged, triggered by action: save_post 
[2024-12-27 10:47:46 : INFO] - Cache for URL: http://localhost/wordpress/ has been purged, triggered by action: save_post 
[2024-12-27 10:47:46 : INFO] - Cache for URL: http://localhost/wordpress/ has been purged, triggered by action: save_post 
[2024-12-27 10:48:18 : INFO] - Cache for URL: http://localhost/wordpress/ has been purged, triggered by action: save_post 
[2024-12-27 10:48:18 : INFO] - Cache for URL: http://localhost/wordpress/ has been purged, triggered by action: save_post 
[2024-12-27 10:48:18 : INFO] - Cache for URL: http://localhost/wordpress/ has been purged, triggered by action: save_post 
[2024-12-27 10:49:06 : INFO] - Cache for URL: http://localhost/wordpress/ has been purged, triggered by action: save_post 
[2024-12-27 10:49:07 : INFO] - Cache for URL: http://localhost/wordpress/ has been purged, triggered by action: save_post 
[2024-12-27 10:49:07 : INFO] - Cache for URL: http://localhost/wordpress/ has been purged, triggered by action: save_post 
[2024-12-27 10:49:33 : INFO] - Cache for URL: http://localhost/wordpress/ has been purged, triggered by action: save_post 
[2024-12-27 10:49:33 : INFO] - Cache for URL: http://localhost/wordpress/ has been purged, triggered by action: save_post 
[2024-12-27 10:49:33 : INFO] - Cache for URL: http://localhost/wordpress/ has been purged, triggered by action: save_post 
[2024-12-27 11:00:49 : INFO] - Cache for URL: http://localhost/wordpress/ has been purged, triggered by action: save_post 
[2024-12-27 11:00:49 : INFO] - Cache for URL: http://localhost/wordpress/ has been purged, triggered by action: save_post 
[2024-12-27 11:00:50 : INFO] - Cache for URL: http://localhost/wordpress/ has been purged, triggered by action: save_post 
[2024-12-27 11:03:37 : INFO] - Cache for URL: http://localhost/wordpress/ has been purged, triggered by action: save_post 
[2024-12-27 11:03:37 : INFO] - Cache for URL: http://localhost/wordpress/ has been purged, triggered by action: save_post 
[2024-12-27 11:03:38 : INFO] - Cache for URL: http://localhost/wordpress/ has been purged, triggered by action: save_post 
[2024-12-27 11:05:50 : INFO] - Cache for URL: http://localhost/wordpress/ has been purged, triggered by action: save_post 
[2024-12-27 11:05:50 : INFO] - Cache for URL: http://localhost/wordpress/ has been purged, triggered by action: save_post 
[2024-12-27 11:05:51 : INFO] - Cache for URL: http://localhost/wordpress/ has been purged, triggered by action: save_post 
[2024-12-27 11:14:21 : INFO] - Cache for URL: http://localhost/wordpress/ has been purged, triggered by action: save_post 
[2024-12-27 11:14:22 : INFO] - Cache for URL: http://localhost/wordpress/ has been purged, triggered by action: save_post 
[2024-12-27 11:14:22 : INFO] - Cache for URL: http://localhost/wordpress/ has been purged, triggered by action: save_post 
[2024-12-27 11:35:49 : INFO] - Cache for URL: http://localhost/wordpress/ has been purged, triggered by action: save_post 
[2024-12-27 11:35:49 : INFO] - Cache for URL: http://localhost/wordpress/ has been purged, triggered by action: save_post 
[2024-12-27 11:35:49 : INFO] - Cache for URL: http://localhost/wordpress/ has been purged, triggered by action: save_post 
[2024-12-27 11:36:33 : INFO] - Cache for URL: http://localhost/wordpress/ has been purged, triggered by action: save_post 
[2024-12-27 11:36:33 : INFO] - Cache for URL: http://localhost/wordpress/ has been purged, triggered by action: save_post 
[2024-12-27 11:36:33 : INFO] - Cache for URL: http://localhost/wordpress/ has been purged, triggered by action: save_post 
[2024-12-27 11:37:26 : INFO] - Cache for URL: http://localhost/wordpress/ has been purged, triggered by action: save_post 
[2024-12-27 11:37:26 : INFO] - Cache for URL: http://localhost/wordpress/ has been purged, triggered by action: save_post 
[2024-12-27 11:37:26 : INFO] - Cache for URL: http://localhost/wordpress/ has been purged, triggered by action: save_post 
[2024-12-27 11:38:45 : INFO] - Cache for URL: http://localhost/wordpress/ has been purged, triggered by action: save_post 
[2024-12-27 11:38:45 : INFO] - Cache for URL: http://localhost/wordpress/ has been purged, triggered by action: save_post 
[2024-12-27 11:38:46 : INFO] - Cache for URL: http://localhost/wordpress/ has been purged, triggered by action: save_post 
[2024-12-27 11:40:02 : INFO] - Cache for URL: http://localhost/wordpress/ has been purged, triggered by action: save_post 
[2024-12-27 11:40:02 : INFO] - Cache for URL: http://localhost/wordpress/ has been purged, triggered by action: save_post 
[2024-12-27 11:40:03 : INFO] - Cache for URL: http://localhost/wordpress/ has been purged, triggered by action: save_post 
[2024-12-27 11:53:49 : INFO] - Cache for URL: http://localhost/wordpress/ has been purged, triggered by action: save_post 
[2024-12-27 11:53:49 : INFO] - Cache for URL: http://localhost/wordpress/ has been purged, triggered by action: save_post 
[2024-12-27 11:53:50 : INFO] - Cache for URL: http://localhost/wordpress/ has been purged, triggered by action: save_post 
[2024-12-27 11:57:32 : INFO] - Cache for URL: http://localhost/wordpress/ has been purged, triggered by action: save_post 
[2024-12-27 11:57:32 : INFO] - Cache for URL: http://localhost/wordpress/ has been purged, triggered by action: save_post 
[2024-12-27 11:57:32 : INFO] - Cache for URL: http://localhost/wordpress/ has been purged, triggered by action: save_post 
[2024-12-27 11:59:47 : INFO] - Cache for URL: http://localhost/wordpress/ has been purged, triggered by action: save_post 
[2024-12-27 11:59:47 : INFO] - Cache for URL: http://localhost/wordpress/ has been purged, triggered by action: save_post 
[2024-12-27 11:59:47 : INFO] - Cache for URL: http://localhost/wordpress/ has been purged, triggered by action: save_post 
[2024-12-27 12:06:05 : INFO] - Cache for URL: http://localhost/wordpress/ has been purged, triggered by action: save_post 
[2024-12-27 12:06:05 : INFO] - Cache for URL: http://localhost/wordpress/ has been purged, triggered by action: save_post 
[2024-12-27 12:06:06 : INFO] - Cache for URL: http://localhost/wordpress/ has been purged, triggered by action: save_post 
[2024-12-27 12:10:52 : INFO] - Cache for URL: http://localhost/wordpress/ has been purged, triggered by action: save_post 
[2024-12-27 12:10:52 : INFO] - Cache for URL: http://localhost/wordpress/ has been purged, triggered by action: save_post 
[2024-12-27 12:10:53 : INFO] - Cache for URL: http://localhost/wordpress/ has been purged, triggered by action: save_post 
[2024-12-27 12:44:57 : INFO] - Cache for URL: http://localhost/wordpress/ has been purged, triggered by action: save_post 
[2024-12-27 12:44:57 : INFO] - Cache for URL: http://localhost/wordpress/ has been purged, triggered by action: save_post 
[2024-12-27 12:44:58 : INFO] - Cache for URL: http://localhost/wordpress/ has been purged, triggered by action: save_post 
[2024-12-27 12:50:11 : INFO] - Cache for URL: http://localhost/wordpress/ has been purged, triggered by action: save_post 
[2024-12-27 12:50:19 : INFO] - Cache for URL: http://localhost/wordpress/ has been purged, triggered by action: save_post 
[2024-12-27 12:50:31 : INFO] - Cache for URL: http://localhost/wordpress/ has been purged, triggered by action: save_post 
[2024-12-27 12:51:51 : INFO] - Cache for URL: http://localhost/wordpress/ has been purged, triggered by action: save_post 
[2024-12-27 12:52:06 : INFO] - Cache for URL: http://localhost/wordpress/ has been purged, triggered by action: save_post 
[2024-12-27 12:54:35 : INFO] - Cache for URL: http://localhost/wordpress/ has been purged, triggered by action: save_post 
[2024-12-27 12:54:57 : INFO] - Cache for URL: http://localhost/wordpress/ has been purged, triggered by action: save_post 
[2024-12-27 12:55:59 : INFO] - Cache for URL: http://localhost/wordpress/ has been purged, triggered by action: save_post 
[2024-12-27 12:57:19 : INFO] - Cache for URL: http://localhost/wordpress/ has been purged, triggered by action: save_post 
[2024-12-27 13:00:26 : INFO] - Cache for URL: http://localhost/wordpress/ has been purged, triggered by action: save_post 
[2024-12-30 04:32:50 : INFO] - Cache for URL: http://localhost/wordpress/ has been purged, triggered by action: save_post 
[2024-12-30 04:32:54 : INFO] - Cache for URL: http://localhost/wordpress/ has been purged, triggered by action: save_post 
[2024-12-30 04:33:07 : INFO] - Cache for URL: http://localhost/wordpress/ has been purged, triggered by action: save_post 
[2024-12-30 04:36:46 : INFO] - Cache for URL: http://localhost/wordpress/ has been purged, triggered by action: save_post 
[2024-12-30 04:38:31 : INFO] - Cache for URL: http://localhost/wordpress/ has been purged, triggered by action: save_post 
[2024-12-30 04:40:00 : INFO] - Cache for URL: http://localhost/wordpress/ has been purged, triggered by action: save_post 
[2024-12-30 04:40:00 : INFO] - Cache for URL: http://localhost/wordpress/ has been purged, triggered by action: save_post 
[2024-12-30 04:40:00 : INFO] - Cache for URL: http://localhost/wordpress/ has been purged, triggered by action: save_post 
[2024-12-30 04:40:50 : INFO] - Cache for URL: http://localhost/wordpress/ has been purged, triggered by action: save_post 
[2024-12-30 04:40:50 : INFO] - Cache for URL: http://localhost/wordpress/ has been purged, triggered by action: save_post 
[2024-12-30 04:40:51 : INFO] - Cache for URL: http://localhost/wordpress/ has been purged, triggered by action: save_post 
[2024-12-30 07:05:56 : INFO] - Cache for URL: http://localhost/wordpress/ has been purged, triggered by action: save_post 
[2024-12-30 07:05:57 : INFO] - Cache for URL: http://localhost/wordpress/ has been purged, triggered by action: save_post 
[2024-12-30 07:05:57 : INFO] - Cache for URL: http://localhost/wordpress/ has been purged, triggered by action: save_post 
[2024-12-30 09:30:57 : INFO] - Cache for multiple term taxonomy have been purged due to post terms update, triggered by action: set_object_terms 
[2024-12-30 12:58:13 : INFO] - Cache for URL: http://localhost/wordpress/?page_id=983 has been purged, triggered by action: save_post 
[2024-12-31 06:43:35 : INFO] - Cache for URL: http://localhost/wordpress/?p=1449 has been purged, triggered by action: save_post 
[2024-12-31 06:43:35 : INFO] - Cache for blog post has been purged due to updates to post with Title: "Auto Draft" and URL: http://localhost/wordpress/?p=1449, triggered by action: save_post 
[2024-12-31 06:43:35 : INFO] - Cache for previous post (with URL: http://localhost/wordpress/?p=498) adjacent to post with id: 1449 has been purged, triggered by action: save_post 
[2024-12-31 06:43:35 : INFO] - Cache for all archives page associated with post_type: post and Title: "Auto Draft" have been purged, triggered by action: save_post 
[2024-12-31 07:53:00 : INFO] - Cache for URL: http://localhost/wordpress/ has been purged, triggered by action: save_post 
[2024-12-31 07:53:01 : INFO] - Cache for URL: http://localhost/wordpress/ has been purged, triggered by action: save_post 
[2024-12-31 07:53:01 : INFO] - Cache for URL: http://localhost/wordpress/ has been purged, triggered by action: save_post 
[2024-12-31 07:55:04 : INFO] - Cache for URL: http://localhost/wordpress/ has been purged, triggered by action: save_post 
[2024-12-31 07:55:04 : INFO] - Cache for URL: http://localhost/wordpress/ has been purged, triggered by action: save_post 
[2024-12-31 07:55:05 : INFO] - Cache for URL: http://localhost/wordpress/ has been purged, triggered by action: save_post 
[2024-12-31 07:55:52 : INFO] - Cache for URL: http://localhost/wordpress/ has been purged, triggered by action: save_post 
[2024-12-31 07:55:53 : INFO] - Cache for URL: http://localhost/wordpress/ has been purged, triggered by action: save_post 
[2024-12-31 07:55:53 : INFO] - Cache for URL: http://localhost/wordpress/ has been purged, triggered by action: save_post 
[2024-12-31 07:56:59 : INFO] - Cache for URL: http://localhost/wordpress/ has been purged, triggered by action: save_post 
[2024-12-31 07:56:59 : INFO] - Cache for URL: http://localhost/wordpress/ has been purged, triggered by action: save_post 
[2024-12-31 07:56:59 : INFO] - Cache for URL: http://localhost/wordpress/ has been purged, triggered by action: save_post 
[2024-12-31 08:00:33 : INFO] - Cache for URL: http://localhost/wordpress/ has been purged, triggered by action: save_post 
[2024-12-31 08:00:33 : INFO] - Cache for URL: http://localhost/wordpress/ has been purged, triggered by action: save_post 
[2024-12-31 08:00:33 : INFO] - Cache for URL: http://localhost/wordpress/ has been purged, triggered by action: save_post 
[2024-12-31 09:00:20 : INFO] - Cache for URL: http://localhost/wordpress/ has been purged, triggered by action: save_post 
[2024-12-31 09:00:20 : INFO] - Cache for URL: http://localhost/wordpress/ has been purged, triggered by action: save_post 
[2024-12-31 09:00:20 : INFO] - Cache for URL: http://localhost/wordpress/ has been purged, triggered by action: save_post 
[2024-12-31 09:05:26 : INFO] - Cache for URL: http://localhost/wordpress/ has been purged, triggered by action: save_post 
[2024-12-31 09:05:26 : INFO] - Cache for URL: http://localhost/wordpress/ has been purged, triggered by action: save_post 
[2024-12-31 09:05:27 : INFO] - Cache for URL: http://localhost/wordpress/ has been purged, triggered by action: save_post 
[2024-12-31 09:06:42 : INFO] - Cache for URL: http://localhost/wordpress/ has been purged, triggered by action: save_post 
[2024-12-31 09:08:23 : INFO] - Cache for URL: http://localhost/wordpress/ has been purged, triggered by action: save_post 
[2024-12-31 09:11:05 : INFO] - Cache for URL: http://localhost/wordpress/ has been purged, triggered by action: save_post 
[2024-12-31 09:11:05 : INFO] - Cache for URL: http://localhost/wordpress/ has been purged, triggered by action: save_post 
[2024-12-31 09:11:06 : INFO] - Cache for URL: http://localhost/wordpress/ has been purged, triggered by action: save_post 
[2024-12-31 09:11:52 : INFO] - Cache for URL: http://localhost/wordpress/ has been purged, triggered by action: save_post 
[2024-12-31 09:11:52 : INFO] - Cache for URL: http://localhost/wordpress/ has been purged, triggered by action: save_post 
[2024-12-31 09:11:53 : INFO] - Cache for URL: http://localhost/wordpress/ has been purged, triggered by action: save_post 
[2025-01-01 08:15:18 : INFO] - Cache for URL: http://localhost/wordpress/?page_id=1482 has been purged, triggered by action: save_post 
[2025-01-01 08:59:19 : INFO] - Cache for URL: http://localhost/wordpress/?post_type=news&p=1483 has been purged, triggered by action: save_post 
[2025-01-01 09:02:16 : INFO] - Cache for URL: http://localhost/wordpress/?post_type=news&p=1484 has been purged, triggered by action: save_post 
[2025-01-01 09:05:46 : INFO] - Cache for URL: http://localhost/wordpress/?post_type=news&p=1485 has been purged, triggered by action: save_post 
[2025-01-01 09:07:49 : INFO] - Cache for URL: http://localhost/wordpress/?post_type=news&p=1486 has been purged, triggered by action: save_post 
[2025-01-01 09:10:11 : INFO] - Cache for URL: http://localhost/wordpress/?post_type=news&p=1487 has been purged, triggered by action: save_post 
[2025-01-01 09:13:36 : INFO] - Cache for URL: http://localhost/wordpress/?post_type=news&p=1488 has been purged, triggered by action: save_post 
[2025-01-01 09:17:05 : INFO] - Cache for URL: http://localhost/wordpress/?post_type=news&p=1489 has been purged, triggered by action: save_post 
[2025-01-01 09:17:05 : INFO] - Cache for archive page associated with post_type: news and Title: "Auto Draft" has been purged, triggered by action: save_post 
[2025-01-01 09:34:28 : INFO] - Cache for URL: http://localhost/wordpress/?page_id=1490 has been purged, triggered by action: save_post 
[2025-01-01 09:46:34 : INFO] - Cache for URL: http://localhost/wordpress/?page_id=1490 has been purged, triggered by action: save_post 
[2025-01-01 09:46:49 : INFO] - Cache for URL: http://localhost/wordpress/?post_type=news&p=1492 has been purged, triggered by action: save_post 
[2025-01-01 09:46:49 : INFO] - Cache for archive page associated with post_type: news and Title: "Auto Draft" has been purged, triggered by action: save_post 
[2025-01-01 09:47:41 : INFO] - Cache for URL: http://localhost/wordpress/?news=this-is-my-first-news has been purged, triggered by action: save_post 
[2025-01-01 09:47:41 : INFO] - Cache for archive page associated with post_type: news and Title: "This is my First News" has been purged, triggered by action: save_post 
[2025-01-01 09:52:28 : INFO] - Cache for URL: http://localhost/wordpress/?news=this-is-my-first-news has been purged, triggered by action: save_post 
[2025-01-01 09:52:28 : INFO] - Cache for archive page associated with post_type: news and Title: "Why Shopify is the Best Choice for E-commerce Store Development in 2025?" has been purged, triggered by action: save_post 
[2025-01-01 11:01:14 : INFO] - Cache for URL: http://localhost/wordpress/?news=this-is-my-first-news has been purged, triggered by action: save_post 
[2025-01-01 11:01:14 : INFO] - Cache for archive page associated with post_type: news and Title: "Why Shopify is the Best Choice for E-commerce Store Development in 2025?" has been purged, triggered by action: save_post 
[2025-01-01 11:02:31 : INFO] - Cache for URL: http://localhost/wordpress/?page_id=1490 has been purged, triggered by action: save_post 
[2025-01-01 12:07:18 : INFO] - Cache for URL: http://localhost/wordpress/?page_id=1490 has been purged, triggered by action: save_post 
[2025-01-01 12:53:42 : INFO] - Cache for URL: http://localhost/wordpress/?page_id=1490 has been purged, triggered by action: save_post 
[2025-01-02 04:22:16 : INFO] - Cache for multiple term taxonomy have been purged due to post terms update, triggered by action: set_object_terms 
[2025-01-02 09:48:18 : INFO] - Cache for multiple term taxonomy have been purged due to post terms update, triggered by action: set_object_terms 
[2025-01-03 06:19:16 : INFO] - Full Cache Purge triggered by: plugin activation/deactivation 
[2025-01-03 06:40:08 : INFO] - Cache for multiple term taxonomy have been purged due to post terms update, triggered by action: set_object_terms 
[2025-01-03 06:40:08 : INFO] - Cache for URL: http://localhost/wordpress/?p=498 has been purged, triggered by action: save_post 
[2025-01-03 06:40:08 : INFO] - Cache for blog post has been purged due to updates to post with Title: "Installation of phpMyAdmin in Ubuntu" and URL: http://localhost/wordpress/?p=498, triggered by action: save_post 
[2025-01-03 06:40:08 : INFO] - Cache for previous post (with URL: http://localhost/wordpress/?p=490) adjacent to post with id: 498 has been purged, triggered by action: save_post 
[2025-01-03 06:40:08 : INFO] - Cache for all archives page associated with post_type: post and Title: "Installation of phpMyAdmin in Ubuntu" have been purged, triggered by action: save_post 
[2025-01-03 06:40:10 : INFO] - Cache for multiple term taxonomy have been purged due to post terms update, triggered by action: set_object_terms 
[2025-01-03 06:40:10 : INFO] - Cache for URL: http://localhost/wordpress/?p=498 has been purged, triggered by action: save_post 
[2025-01-03 06:40:10 : INFO] - Cache for blog post has been purged due to updates to post with Title: "Installation of phpMyAdmin in Ubuntu" and URL: http://localhost/wordpress/?p=498, triggered by action: save_post 
[2025-01-03 06:40:10 : INFO] - Cache for previous post (with URL: http://localhost/wordpress/?p=490) adjacent to post with id: 498 has been purged, triggered by action: save_post 
[2025-01-03 06:40:10 : INFO] - Cache for all archives page associated with post_type: post and Title: "Installation of phpMyAdmin in Ubuntu" have been purged, triggered by action: save_post 
[2025-01-03 06:43:44 : INFO] - Cache for multiple term taxonomy have been purged due to post terms update, triggered by action: set_object_terms 
[2025-01-03 06:43:44 : INFO] - Cache for URL: http://localhost/wordpress/?p=498 has been purged, triggered by action: save_post 
[2025-01-03 06:43:44 : INFO] - Cache for blog post has been purged due to updates to post with Title: "Installation of phpMyAdmin in Ubuntu" and URL: http://localhost/wordpress/?p=498, triggered by action: save_post 
[2025-01-03 06:43:44 : INFO] - Cache for previous post (with URL: http://localhost/wordpress/?p=490) adjacent to post with id: 498 has been purged, triggered by action: save_post 
[2025-01-03 06:43:44 : INFO] - Cache for all archives page associated with post_type: post and Title: "Installation of phpMyAdmin in Ubuntu" have been purged, triggered by action: save_post 
[2025-01-03 06:43:46 : INFO] - Cache for multiple term taxonomy have been purged due to post terms update, triggered by action: set_object_terms 
[2025-01-03 06:43:46 : INFO] - Cache for URL: http://localhost/wordpress/?p=498 has been purged, triggered by action: save_post 
[2025-01-03 06:43:46 : INFO] - Cache for blog post has been purged due to updates to post with Title: "Installation of phpMyAdmin in Ubuntu" and URL: http://localhost/wordpress/?p=498, triggered by action: save_post 
[2025-01-03 06:43:46 : INFO] - Cache for previous post (with URL: http://localhost/wordpress/?p=490) adjacent to post with id: 498 has been purged, triggered by action: save_post 
[2025-01-03 06:43:46 : INFO] - Cache for all archives page associated with post_type: post and Title: "Installation of phpMyAdmin in Ubuntu" have been purged, triggered by action: save_post 
[2025-01-03 07:00:48 : INFO] - Cache for URL: http://localhost/wordpress/?news=this-is-my-first-news has been purged, triggered by action: save_post 
[2025-01-03 07:00:48 : INFO] - Cache for archive page associated with post_type: news and Title: "Why Shopify is the Best Choice for E-commerce Store Development in 2025?" has been purged, triggered by action: save_post 
[2025-01-03 07:00:48 : INFO] - Cache for URL: http://localhost/wordpress/?news=this-is-my-first-news has been purged, triggered by action: save_post 
[2025-01-03 07:00:48 : INFO] - Cache for archive page associated with post_type: news and Title: "Why Shopify is the Best Choice for E-commerce Store Development in 2025?" has been purged, triggered by action: save_post 
[2025-01-03 07:06:28 : INFO] - Cache for URL: http://localhost/wordpress/?news=this-is-my-first-news has been purged, triggered by action: save_post 
[2025-01-03 07:06:28 : INFO] - Cache for archive page associated with post_type: news and Title: "Why Shopify is the Best Choice for E-commerce Store Development in 2025?" has been purged, triggered by action: save_post 
[2025-01-03 07:06:28 : INFO] - Cache for URL: http://localhost/wordpress/?news=this-is-my-first-news has been purged, triggered by action: save_post 
[2025-01-03 07:06:28 : INFO] - Cache for archive page associated with post_type: news and Title: "Why Shopify is the Best Choice for E-commerce Store Development in 2025?" has been purged, triggered by action: save_post 
[2025-01-03 07:06:37 : INFO] - Cache for URL: http://localhost/wordpress/?news=this-is-my-first-news has been purged, triggered by action: save_post 
[2025-01-03 07:06:37 : INFO] - Cache for archive page associated with post_type: news and Title: "Why Shopify is the Best Choice for E-commerce Store Development in 2025?" has been purged, triggered by action: save_post 
[2025-01-03 07:06:37 : INFO] - Cache for URL: http://localhost/wordpress/?news=this-is-my-first-news has been purged, triggered by action: save_post 
[2025-01-03 07:06:37 : INFO] - Cache for archive page associated with post_type: news and Title: "Why Shopify is the Best Choice for E-commerce Store Development in 2025?" has been purged, triggered by action: save_post 
[2025-01-03 07:13:07 : INFO] - Cache for multiple term taxonomy have been purged due to post terms update, triggered by action: set_object_terms 
[2025-01-03 07:13:07 : INFO] - Cache for URL: http://localhost/wordpress/?p=498 has been purged, triggered by action: save_post 
[2025-01-03 07:13:07 : INFO] - Cache for blog post has been purged due to updates to post with Title: "Installation of phpMyAdmin in Ubuntu" and URL: http://localhost/wordpress/?p=498, triggered by action: save_post 
[2025-01-03 07:13:07 : INFO] - Cache for previous post (with URL: http://localhost/wordpress/?p=490) adjacent to post with id: 498 has been purged, triggered by action: save_post 
[2025-01-03 07:13:07 : INFO] - Cache for all archives page associated with post_type: post and Title: "Installation of phpMyAdmin in Ubuntu" have been purged, triggered by action: save_post 
[2025-01-03 07:14:50 : INFO] - Cache for multiple term taxonomy have been purged due to post terms update, triggered by action: set_object_terms 
[2025-01-03 07:14:50 : INFO] - Cache for URL: http://localhost/wordpress/?p=498 has been purged, triggered by action: save_post 
[2025-01-03 07:14:50 : INFO] - Cache for blog post has been purged due to updates to post with Title: "Installation of phpMyAdmin in Ubuntu" and URL: http://localhost/wordpress/?p=498, triggered by action: save_post 
[2025-01-03 07:14:50 : INFO] - Cache for previous post (with URL: http://localhost/wordpress/?p=490) adjacent to post with id: 498 has been purged, triggered by action: save_post 
[2025-01-03 07:14:50 : INFO] - Cache for all archives page associated with post_type: post and Title: "Installation of phpMyAdmin in Ubuntu" have been purged, triggered by action: save_post 
[2025-01-03 07:14:51 : INFO] - Cache for multiple term taxonomy have been purged due to post terms update, triggered by action: set_object_terms 
[2025-01-03 07:14:51 : INFO] - Cache for URL: http://localhost/wordpress/?p=498 has been purged, triggered by action: save_post 
[2025-01-03 07:14:51 : INFO] - Cache for blog post has been purged due to updates to post with Title: "Installation of phpMyAdmin in Ubuntu" and URL: http://localhost/wordpress/?p=498, triggered by action: save_post 
[2025-01-03 07:14:51 : INFO] - Cache for previous post (with URL: http://localhost/wordpress/?p=490) adjacent to post with id: 498 has been purged, triggered by action: save_post 
[2025-01-03 07:14:51 : INFO] - Cache for all archives page associated with post_type: post and Title: "Installation of phpMyAdmin in Ubuntu" have been purged, triggered by action: save_post 
[2025-01-03 08:50:46 : INFO] - Cache for multiple term taxonomy have been purged due to post terms update, triggered by action: set_object_terms 
[2025-01-03 08:50:46 : INFO] - Cache for URL: http://localhost/wordpress/?p=498 has been purged, triggered by action: save_post 
[2025-01-03 08:50:46 : INFO] - Cache for blog post has been purged due to updates to post with Title: "Installation of phpMyAdmin in Ubuntu" and URL: http://localhost/wordpress/?p=498, triggered by action: save_post 
[2025-01-03 08:50:46 : INFO] - Cache for previous post (with URL: http://localhost/wordpress/?p=490) adjacent to post with id: 498 has been purged, triggered by action: save_post 
[2025-01-03 08:50:46 : INFO] - Cache for all archives page associated with post_type: post and Title: "Installation of phpMyAdmin in Ubuntu" have been purged, triggered by action: save_post 
[2025-01-03 08:50:47 : INFO] - Cache for multiple term taxonomy have been purged due to post terms update, triggered by action: set_object_terms 
[2025-01-03 08:50:47 : INFO] - Cache for URL: http://localhost/wordpress/?p=498 has been purged, triggered by action: save_post 
[2025-01-03 08:50:47 : INFO] - Cache for blog post has been purged due to updates to post with Title: "Installation of phpMyAdmin in Ubuntu" and URL: http://localhost/wordpress/?p=498, triggered by action: save_post 
[2025-01-03 08:50:47 : INFO] - Cache for previous post (with URL: http://localhost/wordpress/?p=490) adjacent to post with id: 498 has been purged, triggered by action: save_post 
[2025-01-03 08:50:47 : INFO] - Cache for all archives page associated with post_type: post and Title: "Installation of phpMyAdmin in Ubuntu" have been purged, triggered by action: save_post 
[2025-01-03 08:50:51 : INFO] - Cache for multiple term taxonomy have been purged due to post terms update, triggered by action: set_object_terms 
[2025-01-03 08:50:51 : INFO] - Cache for URL: http://localhost/wordpress/?p=498 has been purged, triggered by action: save_post 
[2025-01-03 08:50:51 : INFO] - Cache for blog post has been purged due to updates to post with Title: "Installation of phpMyAdmin in Ubuntu" and URL: http://localhost/wordpress/?p=498, triggered by action: save_post 
[2025-01-03 08:50:51 : INFO] - Cache for previous post (with URL: http://localhost/wordpress/?p=490) adjacent to post with id: 498 has been purged, triggered by action: save_post 
[2025-01-03 08:50:51 : INFO] - Cache for all archives page associated with post_type: post and Title: "Installation of phpMyAdmin in Ubuntu" have been purged, triggered by action: save_post 
[2025-01-03 08:50:53 : INFO] - Cache for multiple term taxonomy have been purged due to post terms update, triggered by action: set_object_terms 
[2025-01-03 08:50:53 : INFO] - Cache for URL: http://localhost/wordpress/?p=498 has been purged, triggered by action: save_post 
[2025-01-03 08:50:53 : INFO] - Cache for blog post has been purged due to updates to post with Title: "Installation of phpMyAdmin in Ubuntu" and URL: http://localhost/wordpress/?p=498, triggered by action: save_post 
[2025-01-03 08:50:53 : INFO] - Cache for previous post (with URL: http://localhost/wordpress/?p=490) adjacent to post with id: 498 has been purged, triggered by action: save_post 
[2025-01-03 08:50:53 : INFO] - Cache for all archives page associated with post_type: post and Title: "Installation of phpMyAdmin in Ubuntu" have been purged, triggered by action: save_post 
[2025-01-03 08:51:00 : INFO] - Cache for multiple term taxonomy have been purged due to post terms update, triggered by action: set_object_terms 
[2025-01-03 08:51:00 : INFO] - Cache for URL: http://localhost/wordpress/?p=498 has been purged, triggered by action: save_post 
[2025-01-03 08:51:00 : INFO] - Cache for blog post has been purged due to updates to post with Title: "Installation of phpMyAdmin in Ubuntu" and URL: http://localhost/wordpress/?p=498, triggered by action: save_post 
[2025-01-03 08:51:00 : INFO] - Cache for previous post (with URL: http://localhost/wordpress/?p=490) adjacent to post with id: 498 has been purged, triggered by action: save_post 
[2025-01-03 08:51:00 : INFO] - Cache for all archives page associated with post_type: post and Title: "Installation of phpMyAdmin in Ubuntu" have been purged, triggered by action: save_post 
[2025-01-03 08:51:02 : INFO] - Cache for multiple term taxonomy have been purged due to post terms update, triggered by action: set_object_terms 
[2025-01-03 08:51:02 : INFO] - Cache for URL: http://localhost/wordpress/?p=498 has been purged, triggered by action: save_post 
[2025-01-03 08:51:02 : INFO] - Cache for blog post has been purged due to updates to post with Title: "Installation of phpMyAdmin in Ubuntu" and URL: http://localhost/wordpress/?p=498, triggered by action: save_post 
[2025-01-03 08:51:02 : INFO] - Cache for previous post (with URL: http://localhost/wordpress/?p=490) adjacent to post with id: 498 has been purged, triggered by action: save_post 
[2025-01-03 08:51:02 : INFO] - Cache for all archives page associated with post_type: post and Title: "Installation of phpMyAdmin in Ubuntu" have been purged, triggered by action: save_post 
[2025-01-03 09:20:43 : INFO] - Cache for multiple term taxonomy have been purged due to post terms update, triggered by action: set_object_terms 
[2025-01-03 09:20:44 : INFO] - Cache for URL: http://localhost/wordpress/?p=498 has been purged, triggered by action: save_post 
[2025-01-03 09:20:44 : INFO] - Cache for blog post has been purged due to updates to post with Title: "Installation of phpMyAdmin in Ubuntu" and URL: http://localhost/wordpress/?p=498, triggered by action: save_post 
[2025-01-03 09:20:44 : INFO] - Cache for previous post (with URL: http://localhost/wordpress/?p=490) adjacent to post with id: 498 has been purged, triggered by action: save_post 
[2025-01-03 09:20:44 : INFO] - Cache for all archives page associated with post_type: post and Title: "Installation of phpMyAdmin in Ubuntu" have been purged, triggered by action: save_post 
[2025-01-03 09:20:45 : INFO] - Cache for multiple term taxonomy have been purged due to post terms update, triggered by action: set_object_terms 
[2025-01-03 09:20:45 : INFO] - Cache for URL: http://localhost/wordpress/?p=498 has been purged, triggered by action: save_post 
[2025-01-03 09:20:45 : INFO] - Cache for blog post has been purged due to updates to post with Title: "Installation of phpMyAdmin in Ubuntu" and URL: http://localhost/wordpress/?p=498, triggered by action: save_post 
[2025-01-03 09:20:45 : INFO] - Cache for previous post (with URL: http://localhost/wordpress/?p=490) adjacent to post with id: 498 has been purged, triggered by action: save_post 
[2025-01-03 09:20:45 : INFO] - Cache for all archives page associated with post_type: post and Title: "Installation of phpMyAdmin in Ubuntu" have been purged, triggered by action: save_post 
[2025-01-03 09:30:07 : INFO] - Cache for multiple term taxonomy have been purged due to post terms update, triggered by action: set_object_terms 
[2025-01-03 09:30:07 : INFO] - Cache for URL: http://localhost/wordpress/?p=498 has been purged, triggered by action: save_post 
[2025-01-03 09:30:07 : INFO] - Cache for blog post has been purged due to updates to post with Title: "Installation of phpMyAdmin in Ubuntu" and URL: http://localhost/wordpress/?p=498, triggered by action: save_post 
[2025-01-03 09:30:07 : INFO] - Cache for previous post (with URL: http://localhost/wordpress/?p=490) adjacent to post with id: 498 has been purged, triggered by action: save_post 
[2025-01-03 09:30:07 : INFO] - Cache for all archives page associated with post_type: post and Title: "Installation of phpMyAdmin in Ubuntu" have been purged, triggered by action: save_post 
[2025-01-03 09:30:08 : INFO] - Cache for multiple term taxonomy have been purged due to post terms update, triggered by action: set_object_terms 
[2025-01-03 09:30:08 : INFO] - Cache for URL: http://localhost/wordpress/?p=498 has been purged, triggered by action: save_post 
[2025-01-03 09:30:08 : INFO] - Cache for blog post has been purged due to updates to post with Title: "Installation of phpMyAdmin in Ubuntu" and URL: http://localhost/wordpress/?p=498, triggered by action: save_post 
[2025-01-03 09:30:08 : INFO] - Cache for previous post (with URL: http://localhost/wordpress/?p=490) adjacent to post with id: 498 has been purged, triggered by action: save_post 
[2025-01-03 09:30:08 : INFO] - Cache for all archives page associated with post_type: post and Title: "Installation of phpMyAdmin in Ubuntu" have been purged, triggered by action: save_post 
[2025-01-03 09:33:35 : INFO] - Cache for multiple term taxonomy have been purged due to post terms update, triggered by action: set_object_terms 
[2025-01-03 09:33:35 : INFO] - Cache for URL: http://localhost/wordpress/?p=498 has been purged, triggered by action: save_post 
[2025-01-03 09:33:35 : INFO] - Cache for blog post has been purged due to updates to post with Title: "Installation of phpMyAdmin in Ubuntu" and URL: http://localhost/wordpress/?p=498, triggered by action: save_post 
[2025-01-03 09:33:35 : INFO] - Cache for previous post (with URL: http://localhost/wordpress/?p=490) adjacent to post with id: 498 has been purged, triggered by action: save_post 
[2025-01-03 09:33:35 : INFO] - Cache for all archives page associated with post_type: post and Title: "Installation of phpMyAdmin in Ubuntu" have been purged, triggered by action: save_post 
[2025-01-03 09:33:37 : INFO] - Cache for multiple term taxonomy have been purged due to post terms update, triggered by action: set_object_terms 
[2025-01-03 09:33:37 : INFO] - Cache for URL: http://localhost/wordpress/?p=498 has been purged, triggered by action: save_post 
[2025-01-03 09:33:37 : INFO] - Cache for blog post has been purged due to updates to post with Title: "Installation of phpMyAdmin in Ubuntu" and URL: http://localhost/wordpress/?p=498, triggered by action: save_post 
[2025-01-03 09:33:37 : INFO] - Cache for previous post (with URL: http://localhost/wordpress/?p=490) adjacent to post with id: 498 has been purged, triggered by action: save_post 
[2025-01-03 09:33:37 : INFO] - Cache for all archives page associated with post_type: post and Title: "Installation of phpMyAdmin in Ubuntu" have been purged, triggered by action: save_post 
[2025-01-04 06:36:38 : INFO] - Cache for multiple term taxonomy have been purged due to post terms update, triggered by action: set_object_terms 
[2025-01-04 06:36:38 : INFO] - Cache for URL: http://localhost/wordpress/?p=498 has been purged, triggered by action: save_post 
[2025-01-04 06:36:38 : INFO] - Cache for blog post has been purged due to updates to post with Title: "Installation of phpMyAdmin in Ubuntu" and URL: http://localhost/wordpress/?p=498, triggered by action: save_post 
[2025-01-04 06:36:38 : INFO] - Cache for previous post (with URL: http://localhost/wordpress/?p=490) adjacent to post with id: 498 has been purged, triggered by action: save_post 
[2025-01-04 06:36:38 : INFO] - Cache for all archives page associated with post_type: post and Title: "Installation of phpMyAdmin in Ubuntu" have been purged, triggered by action: save_post 
[2025-01-04 06:36:40 : INFO] - Cache for multiple term taxonomy have been purged due to post terms update, triggered by action: set_object_terms 
[2025-01-04 06:36:40 : INFO] - Cache for URL: http://localhost/wordpress/?p=498 has been purged, triggered by action: save_post 
[2025-01-04 06:36:40 : INFO] - Cache for blog post has been purged due to updates to post with Title: "Installation of phpMyAdmin in Ubuntu" and URL: http://localhost/wordpress/?p=498, triggered by action: save_post 
[2025-01-04 06:36:40 : INFO] - Cache for previous post (with URL: http://localhost/wordpress/?p=490) adjacent to post with id: 498 has been purged, triggered by action: save_post 
[2025-01-04 06:36:40 : INFO] - Cache for all archives page associated with post_type: post and Title: "Installation of phpMyAdmin in Ubuntu" have been purged, triggered by action: save_post 
[2025-01-04 06:40:30 : INFO] - Cache for multiple term taxonomy have been purged due to post terms update, triggered by action: set_object_terms 
[2025-01-04 06:40:30 : INFO] - Cache for URL: http://localhost/wordpress/?p=498 has been purged, triggered by action: save_post 
[2025-01-04 06:40:30 : INFO] - Cache for blog post has been purged due to updates to post with Title: "Installation of phpMyAdmin in Ubuntu" and URL: http://localhost/wordpress/?p=498, triggered by action: save_post 
[2025-01-04 06:40:30 : INFO] - Cache for previous post (with URL: http://localhost/wordpress/?p=490) adjacent to post with id: 498 has been purged, triggered by action: save_post 
[2025-01-04 06:40:30 : INFO] - Cache for all archives page associated with post_type: post and Title: "Installation of phpMyAdmin in Ubuntu" have been purged, triggered by action: save_post 
[2025-01-04 06:40:31 : INFO] - Cache for multiple term taxonomy have been purged due to post terms update, triggered by action: set_object_terms 
[2025-01-04 06:40:31 : INFO] - Cache for URL: http://localhost/wordpress/?p=498 has been purged, triggered by action: save_post 
[2025-01-04 06:40:31 : INFO] - Cache for blog post has been purged due to updates to post with Title: "Installation of phpMyAdmin in Ubuntu" and URL: http://localhost/wordpress/?p=498, triggered by action: save_post 
[2025-01-04 06:40:31 : INFO] - Cache for previous post (with URL: http://localhost/wordpress/?p=490) adjacent to post with id: 498 has been purged, triggered by action: save_post 
[2025-01-04 06:40:31 : INFO] - Cache for all archives page associated with post_type: post and Title: "Installation of phpMyAdmin in Ubuntu" have been purged, triggered by action: save_post 
[2025-01-07 06:00:24 : INFO] - Cache for term page with URL: http://localhost/wordpress/?tag=news  have been purged, triggered by action: edit_terms 
[2025-01-07 06:02:52 : INFO] - Cache for term page with URL: http://localhost/wordpress/?cat=40  have been purged, triggered by action: edit_terms 
[2025-01-07 06:34:23 : INFO] - Cache for multiple term taxonomy have been purged due to post terms update, triggered by action: set_object_terms 
[2025-01-07 06:34:23 : INFO] - Cache for URL: http://localhost/wordpress/?p=498 has been purged, triggered by action: save_post 
[2025-01-07 06:34:23 : INFO] - Cache for blog post has been purged due to updates to post with Title: "Installation of phpMyAdmin in Ubuntu" and URL: http://localhost/wordpress/?p=498, triggered by action: save_post 
[2025-01-07 06:34:23 : INFO] - Cache for previous post (with URL: http://localhost/wordpress/?p=490) adjacent to post with id: 498 has been purged, triggered by action: save_post 
[2025-01-07 06:34:23 : INFO] - Cache for all archives page associated with post_type: post and Title: "Installation of phpMyAdmin in Ubuntu" have been purged, triggered by action: save_post 
[2025-01-07 06:34:23 : INFO] - Cache for multiple term taxonomy have been purged due to post terms update, triggered by action: set_object_terms 
[2025-01-07 06:34:24 : INFO] - Cache for multiple term taxonomy have been purged due to post terms update, triggered by action: set_object_terms 
[2025-01-07 06:34:24 : INFO] - Cache for URL: http://localhost/wordpress/?p=498 has been purged, triggered by action: save_post 
[2025-01-07 06:34:24 : INFO] - Cache for blog post has been purged due to updates to post with Title: "Installation of phpMyAdmin in Ubuntu" and URL: http://localhost/wordpress/?p=498, triggered by action: save_post 
[2025-01-07 06:34:24 : INFO] - Cache for previous post (with URL: http://localhost/wordpress/?p=490) adjacent to post with id: 498 has been purged, triggered by action: save_post 
[2025-01-07 06:34:24 : INFO] - Cache for all archives page associated with post_type: post and Title: "Installation of phpMyAdmin in Ubuntu" have been purged, triggered by action: save_post 
[2025-01-07 06:36:37 : INFO] - Cache for term page with URL: http://localhost/wordpress/?cat=40  have been purged, triggered by action: edit_terms 
[2025-01-07 06:36:37 : INFO] - Cache for associated posts for term with URL: http://localhost/wordpress/?cat=40 have been purged, triggered by action: edit_terms 
[2025-01-07 06:39:54 : INFO] - Cache for multiple term taxonomy have been purged due to post terms update, triggered by action: set_object_terms 
[2025-01-07 06:39:54 : INFO] - Cache for URL: http://localhost/wordpress/?p=498 has been purged, triggered by action: save_post 
[2025-01-07 06:39:54 : INFO] - Cache for blog post has been purged due to updates to post with Title: "Installation of phpMyAdmin in Ubuntu" and URL: http://localhost/wordpress/?p=498, triggered by action: save_post 
[2025-01-07 06:39:54 : INFO] - Cache for previous post (with URL: http://localhost/wordpress/?p=490) adjacent to post with id: 498 has been purged, triggered by action: save_post 
[2025-01-07 06:39:54 : INFO] - Cache for all archives page associated with post_type: post and Title: "Installation of phpMyAdmin in Ubuntu" have been purged, triggered by action: save_post 
[2025-01-07 06:39:55 : INFO] - Cache for multiple term taxonomy have been purged due to post terms update, triggered by action: set_object_terms 
[2025-01-07 06:39:55 : INFO] - Cache for URL: http://localhost/wordpress/?p=498 has been purged, triggered by action: save_post 
[2025-01-07 06:39:55 : INFO] - Cache for blog post has been purged due to updates to post with Title: "Installation of phpMyAdmin in Ubuntu" and URL: http://localhost/wordpress/?p=498, triggered by action: save_post 
[2025-01-07 06:39:55 : INFO] - Cache for previous post (with URL: http://localhost/wordpress/?p=490) adjacent to post with id: 498 has been purged, triggered by action: save_post 
[2025-01-07 06:39:55 : INFO] - Cache for all archives page associated with post_type: post and Title: "Installation of phpMyAdmin in Ubuntu" have been purged, triggered by action: save_post 
[2025-01-07 06:41:04 : INFO] - Cache for URL: http://localhost/wordpress/?page_id=480 has been purged, triggered by action: save_post 
[2025-01-07 06:44:55 : INFO] - Cache for term page with URL: http://localhost/wordpress/?cat=40  have been purged, triggered by action: edit_terms 
[2025-01-07 06:44:55 : INFO] - Cache for associated posts for term with URL: http://localhost/wordpress/?cat=40 have been purged, triggered by action: edit_terms 
[2025-01-07 06:45:29 : INFO] - Cache for term page with URL: http://localhost/wordpress/?cat=40  have been purged, triggered by action: edit_terms 
[2025-01-07 06:45:29 : INFO] - Cache for associated posts for term with URL: http://localhost/wordpress/?cat=40 have been purged, triggered by action: edit_terms 
[2025-01-07 07:29:12 : INFO] - Cache for term page with URL: http://localhost/wordpress/?cat=40  have been purged, triggered by action: edit_terms 
[2025-01-07 07:29:12 : INFO] - Cache for associated posts for term with URL: http://localhost/wordpress/?cat=40 have been purged, triggered by action: edit_terms 
[2025-01-07 07:29:55 : INFO] - Cache for term page with URL: http://localhost/wordpress/?cat=40  have been purged, triggered by action: edit_terms 
[2025-01-07 07:29:55 : INFO] - Cache for associated posts for term with URL: http://localhost/wordpress/?cat=40 have been purged, triggered by action: edit_terms 
[2025-01-07 07:39:49 : INFO] - Cache for multiple term taxonomy have been purged due to post terms update, triggered by action: set_object_terms 
[2025-01-07 07:39:49 : INFO] - Cache for URL: http://localhost/wordpress/?p=498 has been purged, triggered by action: save_post 
[2025-01-07 07:39:49 : INFO] - Cache for blog post has been purged due to updates to post with Title: "Installation of phpMyAdmin in Ubuntu" and URL: http://localhost/wordpress/?p=498, triggered by action: save_post 
[2025-01-07 07:39:49 : INFO] - Cache for previous post (with URL: http://localhost/wordpress/?p=490) adjacent to post with id: 498 has been purged, triggered by action: save_post 
[2025-01-07 07:39:49 : INFO] - Cache for all archives page associated with post_type: post and Title: "Installation of phpMyAdmin in Ubuntu" have been purged, triggered by action: save_post 
[2025-01-07 07:39:49 : INFO] - Cache for multiple term taxonomy have been purged due to post terms update, triggered by action: set_object_terms 
[2025-01-07 07:39:50 : INFO] - Cache for multiple term taxonomy have been purged due to post terms update, triggered by action: set_object_terms 
[2025-01-07 07:39:50 : INFO] - Cache for URL: http://localhost/wordpress/?p=498 has been purged, triggered by action: save_post 
[2025-01-07 07:39:50 : INFO] - Cache for blog post has been purged due to updates to post with Title: "Installation of phpMyAdmin in Ubuntu" and URL: http://localhost/wordpress/?p=498, triggered by action: save_post 
[2025-01-07 07:39:50 : INFO] - Cache for previous post (with URL: http://localhost/wordpress/?p=490) adjacent to post with id: 498 has been purged, triggered by action: save_post 
[2025-01-07 07:39:50 : INFO] - Cache for all archives page associated with post_type: post and Title: "Installation of phpMyAdmin in Ubuntu" have been purged, triggered by action: save_post 
[2025-01-07 07:40:08 : INFO] - Cache for multiple term taxonomy have been purged due to post terms update, triggered by action: set_object_terms 
[2025-01-07 07:40:08 : INFO] - Cache for URL: http://localhost/wordpress/?p=498 has been purged, triggered by action: save_post 
[2025-01-07 07:40:08 : INFO] - Cache for blog post has been purged due to updates to post with Title: "Installation of phpMyAdmin in Ubuntu" and URL: http://localhost/wordpress/?p=498, triggered by action: save_post 
[2025-01-07 07:40:08 : INFO] - Cache for previous post (with URL: http://localhost/wordpress/?p=490) adjacent to post with id: 498 has been purged, triggered by action: save_post 
[2025-01-07 07:40:08 : INFO] - Cache for all archives page associated with post_type: post and Title: "Installation of phpMyAdmin in Ubuntu" have been purged, triggered by action: save_post 
[2025-01-07 07:40:09 : INFO] - Cache for multiple term taxonomy have been purged due to post terms update, triggered by action: set_object_terms 
[2025-01-07 07:40:09 : INFO] - Cache for URL: http://localhost/wordpress/?p=498 has been purged, triggered by action: save_post 
[2025-01-07 07:40:09 : INFO] - Cache for blog post has been purged due to updates to post with Title: "Installation of phpMyAdmin in Ubuntu" and URL: http://localhost/wordpress/?p=498, triggered by action: save_post 
[2025-01-07 07:40:09 : INFO] - Cache for previous post (with URL: http://localhost/wordpress/?p=490) adjacent to post with id: 498 has been purged, triggered by action: save_post 
[2025-01-07 07:40:09 : INFO] - Cache for all archives page associated with post_type: post and Title: "Installation of phpMyAdmin in Ubuntu" have been purged, triggered by action: save_post 
[2025-01-07 07:53:53 : INFO] - Cache for term page with URL: http://localhost/wordpress/?tag=blog  have been purged, triggered by action: edit_terms 
[2025-01-07 07:53:53 : INFO] - Cache for associated posts for term with URL: http://localhost/wordpress/?tag=blog have been purged, triggered by action: edit_terms 
[2025-01-07 07:54:55 : INFO] - Cache for multiple term taxonomy have been purged due to post terms update, triggered by action: set_object_terms 
[2025-01-07 07:54:55 : INFO] - Cache for URL: http://localhost/wordpress/?p=498 has been purged, triggered by action: save_post 
[2025-01-07 07:54:55 : INFO] - Cache for blog post has been purged due to updates to post with Title: "Installation of phpMyAdmin in Ubuntu" and URL: http://localhost/wordpress/?p=498, triggered by action: save_post 
[2025-01-07 07:54:55 : INFO] - Cache for previous post (with URL: http://localhost/wordpress/?p=490) adjacent to post with id: 498 has been purged, triggered by action: save_post 
[2025-01-07 07:54:55 : INFO] - Cache for all archives page associated with post_type: post and Title: "Installation of phpMyAdmin in Ubuntu" have been purged, triggered by action: save_post 
[2025-01-07 07:54:57 : INFO] - Cache for multiple term taxonomy have been purged due to post terms update, triggered by action: set_object_terms 
[2025-01-07 07:54:57 : INFO] - Cache for URL: http://localhost/wordpress/?p=498 has been purged, triggered by action: save_post 
[2025-01-07 07:54:57 : INFO] - Cache for blog post has been purged due to updates to post with Title: "Installation of phpMyAdmin in Ubuntu" and URL: http://localhost/wordpress/?p=498, triggered by action: save_post 
[2025-01-07 07:54:57 : INFO] - Cache for previous post (with URL: http://localhost/wordpress/?p=490) adjacent to post with id: 498 has been purged, triggered by action: save_post 
[2025-01-07 07:54:57 : INFO] - Cache for all archives page associated with post_type: post and Title: "Installation of phpMyAdmin in Ubuntu" have been purged, triggered by action: save_post 
[2025-01-07 08:48:48 : INFO] - Cache for multiple term taxonomy have been purged due to post terms update, triggered by action: set_object_terms 
[2025-01-07 08:48:48 : INFO] - Cache for URL: http://localhost/wordpress/?p=498 has been purged, triggered by action: save_post 
[2025-01-07 08:48:48 : INFO] - Cache for blog post has been purged due to updates to post with Title: "Installation of phpMyAdmin in Ubuntu" and URL: http://localhost/wordpress/?p=498, triggered by action: save_post 
[2025-01-07 08:48:48 : INFO] - Cache for previous post (with URL: http://localhost/wordpress/?p=490) adjacent to post with id: 498 has been purged, triggered by action: save_post 
[2025-01-07 08:48:48 : INFO] - Cache for all archives page associated with post_type: post and Title: "Installation of phpMyAdmin in Ubuntu" have been purged, triggered by action: save_post 
[2025-01-07 08:48:49 : INFO] - Cache for multiple term taxonomy have been purged due to post terms update, triggered by action: set_object_terms 
[2025-01-07 08:48:49 : INFO] - Cache for URL: http://localhost/wordpress/?p=498 has been purged, triggered by action: save_post 
[2025-01-07 08:48:49 : INFO] - Cache for blog post has been purged due to updates to post with Title: "Installation of phpMyAdmin in Ubuntu" and URL: http://localhost/wordpress/?p=498, triggered by action: save_post 
[2025-01-07 08:48:49 : INFO] - Cache for previous post (with URL: http://localhost/wordpress/?p=490) adjacent to post with id: 498 has been purged, triggered by action: save_post 
[2025-01-07 08:48:49 : INFO] - Cache for all archives page associated with post_type: post and Title: "Installation of phpMyAdmin in Ubuntu" have been purged, triggered by action: save_post 
[2025-01-07 08:49:06 : INFO] - Cache for multiple term taxonomy have been purged due to post terms update, triggered by action: set_object_terms 
[2025-01-07 08:49:06 : INFO] - Cache for URL: http://localhost/wordpress/?p=498 has been purged, triggered by action: save_post 
[2025-01-07 08:49:06 : INFO] - Cache for blog post has been purged due to updates to post with Title: "Installation of phpMyAdmin in Ubuntu" and URL: http://localhost/wordpress/?p=498, triggered by action: save_post 
[2025-01-07 08:49:06 : INFO] - Cache for previous post (with URL: http://localhost/wordpress/?p=490) adjacent to post with id: 498 has been purged, triggered by action: save_post 
[2025-01-07 08:49:06 : INFO] - Cache for all archives page associated with post_type: post and Title: "Installation of phpMyAdmin in Ubuntu" have been purged, triggered by action: save_post 
[2025-01-07 08:49:07 : INFO] - Cache for multiple term taxonomy have been purged due to post terms update, triggered by action: set_object_terms 
[2025-01-07 08:49:07 : INFO] - Cache for URL: http://localhost/wordpress/?p=498 has been purged, triggered by action: save_post 
[2025-01-07 08:49:07 : INFO] - Cache for blog post has been purged due to updates to post with Title: "Installation of phpMyAdmin in Ubuntu" and URL: http://localhost/wordpress/?p=498, triggered by action: save_post 
[2025-01-07 08:49:07 : INFO] - Cache for previous post (with URL: http://localhost/wordpress/?p=490) adjacent to post with id: 498 has been purged, triggered by action: save_post 
[2025-01-07 08:49:07 : INFO] - Cache for all archives page associated with post_type: post and Title: "Installation of phpMyAdmin in Ubuntu" have been purged, triggered by action: save_post 
[2025-01-07 09:15:39 : INFO] - Cache for term page with URL: http://localhost/wordpress/?cat=40  have been purged, triggered by action: edit_terms 
[2025-01-07 09:15:39 : INFO] - Cache for associated posts for term with URL: http://localhost/wordpress/?cat=40 have been purged, triggered by action: edit_terms 
[2025-01-07 09:15:47 : INFO] - Cache for term page with URL: http://localhost/wordpress/?cat=40  have been purged, triggered by action: edit_terms 
[2025-01-07 09:15:47 : INFO] - Cache for associated posts for term with URL: http://localhost/wordpress/?cat=40 have been purged, triggered by action: edit_terms 
[2025-01-07 09:20:32 : INFO] - Cache for term page with URL: http://localhost/wordpress/?cat=40  have been purged, triggered by action: edit_terms 
[2025-01-07 09:20:32 : INFO] - Cache for associated posts for term with URL: http://localhost/wordpress/?cat=40 have been purged, triggered by action: edit_terms 
[2025-01-07 09:22:11 : INFO] - Cache for term page with URL: http://localhost/wordpress/?cat=40  have been purged, triggered by action: edit_terms 
[2025-01-07 09:22:11 : INFO] - Cache for associated posts for term with URL: http://localhost/wordpress/?cat=40 have been purged, triggered by action: edit_terms 
[2025-01-07 09:22:19 : INFO] - Cache for term page with URL: http://localhost/wordpress/?cat=40  have been purged, triggered by action: edit_terms 
[2025-01-07 09:22:19 : INFO] - Cache for associated posts for term with URL: http://localhost/wordpress/?cat=40 have been purged, triggered by action: edit_terms 
[2025-01-07 09:34:49 : INFO] - Cache for term page with URL: http://localhost/wordpress/?cat=40  have been purged, triggered by action: edit_terms 
[2025-01-07 09:34:49 : INFO] - Cache for associated posts for term with URL: http://localhost/wordpress/?cat=40 have been purged, triggered by action: edit_terms 
[2025-01-07 09:36:56 : INFO] - Cache for term page with URL: http://localhost/wordpress/?cat=40  have been purged, triggered by action: edit_terms 
[2025-01-07 09:36:56 : INFO] - Cache for associated posts for term with URL: http://localhost/wordpress/?cat=40 have been purged, triggered by action: edit_terms 
[2025-01-08 04:52:03 : INFO] - Cache for term page with URL: http://localhost/wordpress/?cat=40  have been purged, triggered by action: edit_terms 
[2025-01-08 04:52:03 : INFO] - Cache for associated posts for term with URL: http://localhost/wordpress/?cat=40 have been purged, triggered by action: edit_terms 
[2025-01-08 04:52:41 : INFO] - Cache for term page with URL: http://localhost/wordpress/?cat=40  have been purged, triggered by action: edit_terms 
[2025-01-08 04:52:41 : INFO] - Cache for associated posts for term with URL: http://localhost/wordpress/?cat=40 have been purged, triggered by action: edit_terms 
[2025-01-08 04:55:50 : INFO] - Cache for term page with URL: http://localhost/wordpress/?cat=40  have been purged, triggered by action: edit_terms 
[2025-01-08 04:55:50 : INFO] - Cache for associated posts for term with URL: http://localhost/wordpress/?cat=40 have been purged, triggered by action: edit_terms 
[2025-01-08 05:57:58 : INFO] - Cache for term page with URL: http://localhost/wordpress/?cat=40  have been purged, triggered by action: edit_terms 
[2025-01-08 05:57:58 : INFO] - Cache for associated posts for term with URL: http://localhost/wordpress/?cat=40 have been purged, triggered by action: edit_terms 
[2025-01-08 06:05:08 : INFO] - Cache for term page with URL: http://localhost/wordpress/?cat=40  have been purged, triggered by action: edit_terms 
[2025-01-08 06:05:08 : INFO] - Cache for associated posts for term with URL: http://localhost/wordpress/?cat=40 have been purged, triggered by action: edit_terms 
[2025-01-08 06:05:18 : INFO] - Cache for URL: http://localhost/wordpress/?p=1561 has been purged, triggered by action: save_post 
[2025-01-08 06:05:18 : INFO] - Cache for blog post has been purged due to updates to post with Title: "Auto Draft" and URL: http://localhost/wordpress/?p=1561, triggered by action: save_post 
[2025-01-08 06:05:18 : INFO] - Cache for previous post (with URL: http://localhost/wordpress/?p=498) adjacent to post with id: 1561 has been purged, triggered by action: save_post 
[2025-01-08 06:05:18 : INFO] - Cache for all archives page associated with post_type: post and Title: "Auto Draft" have been purged, triggered by action: save_post 
[2025-01-08 08:53:49 : INFO] - Cache for URL: http://localhost/wordpress/?p=1563 has been purged, triggered by action: save_post 
[2025-01-08 08:53:49 : INFO] - Cache for blog post has been purged due to updates to post with Title: "Auto Draft" and URL: http://localhost/wordpress/?p=1563, triggered by action: save_post 
[2025-01-08 08:53:49 : INFO] - Cache for previous post (with URL: http://localhost/wordpress/?p=498) adjacent to post with id: 1563 has been purged, triggered by action: save_post 
[2025-01-08 08:53:49 : INFO] - Cache for all archives page associated with post_type: post and Title: "Auto Draft" have been purged, triggered by action: save_post 
[2025-01-08 08:53:56 : INFO] - Cache for URL: http://localhost/wordpress/?page_id=1564 has been purged, triggered by action: save_post 
[2025-01-08 08:54:21 : INFO] - Cache for URL: http://localhost/wordpress/?page_id=1564 has been purged, triggered by action: save_post 
[2025-01-08 09:20:22 : INFO] - Cache for URL: http://localhost/wordpress/?page_id=1564 has been purged, triggered by action: save_post 
[2025-01-08 09:20:37 : INFO] - Cache for multiple term taxonomy have been purged due to post terms update, triggered by action: set_object_terms 
[2025-01-08 09:20:37 : INFO] - Cache for multiple term taxonomy have been purged due to post terms update, triggered by action: set_object_terms 
[2025-01-08 09:20:37 : INFO] - Cache for URL: http://localhost/wordpress/?p=1566 has been purged, triggered by action: save_post 
[2025-01-08 09:20:37 : INFO] - Cache for blog post has been purged due to updates to post with Title: "Installation of phpMyAdmin in Ubuntu" and URL: http://localhost/wordpress/?p=1566, triggered by action: save_post 
[2025-01-08 09:20:37 : INFO] - Cache for previous post (with URL: http://localhost/wordpress/?p=498) adjacent to post with id: 1566 has been purged, triggered by action: save_post 
[2025-01-08 09:20:37 : INFO] - Cache for all archives page associated with post_type: post and Title: "Installation of phpMyAdmin in Ubuntu" have been purged, triggered by action: save_post 
[2025-01-08 09:28:49 : INFO] - Cache for URL: http://localhost/wordpress/?p=1566 has been purged, triggered by action: wp_trash_post 
[2025-01-08 09:28:49 : INFO] - Cache for multiple term taxonomy have been purged due to post terms update, triggered by action: set_object_terms 
[2025-01-08 09:28:49 : INFO] - Cache for URL: http://localhost/wordpress/?p=1566 has been purged, triggered by action: save_post 
[2025-01-08 09:28:49 : INFO] - Cache for blog post has been purged due to updates to post with Title: "Installation of phpMyAdmin in Ubuntu" and URL: http://localhost/wordpress/?p=1566, triggered by action: save_post 
[2025-01-08 09:28:49 : INFO] - Cache for previous post (with URL: http://localhost/wordpress/?p=498) adjacent to post with id: 1566 has been purged, triggered by action: save_post 
[2025-01-08 09:28:49 : INFO] - Cache for all archives page associated with post_type: post and Title: "Installation of phpMyAdmin in Ubuntu" have been purged, triggered by action: save_post 
[2025-01-08 09:29:02 : INFO] - Cache for multiple term taxonomy have been purged due to post terms update, triggered by action: set_object_terms 
[2025-01-08 09:29:02 : INFO] - Cache for multiple term taxonomy have been purged due to post terms update, triggered by action: set_object_terms 
[2025-01-08 09:29:02 : INFO] - Cache for URL: http://localhost/wordpress/?p=1568 has been purged, triggered by action: save_post 
[2025-01-08 09:29:02 : INFO] - Cache for blog post has been purged due to updates to post with Title: "Installation of phpMyAdmin in Ubuntu" and URL: http://localhost/wordpress/?p=1568, triggered by action: save_post 
[2025-01-08 09:29:02 : INFO] - Cache for previous post (with URL: http://localhost/wordpress/?p=498) adjacent to post with id: 1568 has been purged, triggered by action: save_post 
[2025-01-08 09:29:02 : INFO] - Cache for all archives page associated with post_type: post and Title: "Installation of phpMyAdmin in Ubuntu" have been purged, triggered by action: save_post 
[2025-01-08 10:00:49 : INFO] - Cache for multiple term taxonomy have been purged due to post terms update, triggered by action: set_object_terms 
[2025-01-08 10:00:49 : INFO] - Cache for multiple term taxonomy have been purged due to post terms update, triggered by action: set_object_terms 
[2025-01-08 10:00:49 : INFO] - Cache for URL: http://localhost/wordpress/?p=1570 has been purged, triggered by action: save_post 
[2025-01-08 10:00:49 : INFO] - Cache for blog post has been purged due to updates to post with Title: "Installation of phpMyAdmin in Ubuntu" and URL: http://localhost/wordpress/?p=1570, triggered by action: save_post 
[2025-01-08 10:00:49 : INFO] - Cache for previous post (with URL: http://localhost/wordpress/?p=1568) adjacent to post with id: 1570 has been purged, triggered by action: save_post 
[2025-01-08 10:00:49 : INFO] - Cache for all archives page associated with post_type: post and Title: "Installation of phpMyAdmin in Ubuntu" have been purged, triggered by action: save_post 
[2025-01-08 10:03:00 : INFO] - Cache for URL: http://localhost/wordpress/?p=1568 has been purged, triggered by action: wp_trash_post 
[2025-01-08 10:03:00 : INFO] - Cache for multiple term taxonomy have been purged due to post terms update, triggered by action: set_object_terms 
[2025-01-08 10:03:00 : INFO] - Cache for URL: http://localhost/wordpress/?p=1568 has been purged, triggered by action: save_post 
[2025-01-08 10:03:00 : INFO] - Cache for blog post has been purged due to updates to post with Title: "Installation of phpMyAdmin in Ubuntu" and URL: http://localhost/wordpress/?p=1568, triggered by action: save_post 
[2025-01-08 10:03:00 : INFO] - Cache for previous post (with URL: http://localhost/wordpress/?p=498) adjacent to post with id: 1568 has been purged, triggered by action: save_post 
[2025-01-08 10:03:00 : INFO] - Cache for next post (with URL: http://localhost/wordpress/?p=1570) adjacent to post with id: 1568 has been purged, triggered by action: save_post 
[2025-01-08 10:03:00 : INFO] - Cache for all archives page associated with post_type: post and Title: "Installation of phpMyAdmin in Ubuntu" have been purged, triggered by action: save_post 
[2025-01-08 10:06:30 : INFO] - Cache for multiple term taxonomy have been purged due to post terms update, triggered by action: set_object_terms 
[2025-01-08 10:06:30 : INFO] - Cache for multiple term taxonomy have been purged due to post terms update, triggered by action: set_object_terms 
[2025-01-08 10:06:30 : INFO] - Cache for URL: http://localhost/wordpress/?p=1573 has been purged, triggered by action: save_post 
[2025-01-08 10:06:30 : INFO] - Cache for blog post has been purged due to updates to post with Title: "Installation of phpMyAdmin in Ubuntu" and URL: http://localhost/wordpress/?p=1573, triggered by action: save_post 
[2025-01-08 10:06:30 : INFO] - Cache for previous post (with URL: http://localhost/wordpress/?p=1570) adjacent to post with id: 1573 has been purged, triggered by action: save_post 
[2025-01-08 10:06:30 : INFO] - Cache for all archives page associated with post_type: post and Title: "Installation of phpMyAdmin in Ubuntu" have been purged, triggered by action: save_post 
[2025-01-08 10:09:26 : INFO] - Cache for URL: http://localhost/wordpress/?page_id=1564 has been purged, triggered by action: save_post 
[2025-01-08 10:09:53 : INFO] - Cache for URL: http://localhost/wordpress/?page_id=1564 has been purged, triggered by action: save_post 
[2025-01-08 10:10:12 : INFO] - Cache for URL: http://localhost/wordpress/?page_id=1564 has been purged, triggered by action: save_post 
[2025-01-08 10:10:25 : INFO] - Cache for URL: http://localhost/wordpress/?page_id=1564 has been purged, triggered by action: save_post 
[2025-01-08 10:10:51 : INFO] - Cache for URL: http://localhost/wordpress/?page_id=1564 has been purged, triggered by action: save_post 
[2025-01-08 10:12:01 : INFO] - Cache for URL: http://localhost/wordpress/?page_id=1564 has been purged, triggered by action: save_post 
[2025-01-08 10:12:06 : INFO] - Cache for multiple term taxonomy have been purged due to post terms update, triggered by action: set_object_terms 
[2025-01-08 10:12:06 : INFO] - Cache for multiple term taxonomy have been purged due to post terms update, triggered by action: set_object_terms 
[2025-01-08 10:12:06 : INFO] - Cache for URL: http://localhost/wordpress/?p=1575 has been purged, triggered by action: save_post 
[2025-01-08 10:12:06 : INFO] - Cache for blog post has been purged due to updates to post with Title: "Installation of phpMyAdmin in Ubuntu" and URL: http://localhost/wordpress/?p=1575, triggered by action: save_post 
[2025-01-08 10:12:06 : INFO] - Cache for previous post (with URL: http://localhost/wordpress/?p=1573) adjacent to post with id: 1575 has been purged, triggered by action: save_post 
[2025-01-08 10:12:06 : INFO] - Cache for all archives page associated with post_type: post and Title: "Installation of phpMyAdmin in Ubuntu" have been purged, triggered by action: save_post 
[2025-01-08 10:13:39 : INFO] - Cache for multiple term taxonomy have been purged due to post terms update, triggered by action: set_object_terms 
[2025-01-08 10:36:37 : INFO] - Cache for multiple term taxonomy have been purged due to post terms update, triggered by action: set_object_terms 
[2025-01-08 10:36:37 : INFO] - Cache for multiple term taxonomy have been purged due to post terms update, triggered by action: set_object_terms 
[2025-01-08 10:36:37 : INFO] - Cache for URL: http://localhost/wordpress/?p=1581 has been purged, triggered by action: save_post 
[2025-01-08 10:36:37 : INFO] - Cache for blog post has been purged due to updates to post with Title: "Technology and Business Trends for Executives" and URL: http://localhost/wordpress/?p=1581, triggered by action: save_post 
[2025-01-08 10:36:37 : INFO] - Cache for previous post (with URL: http://localhost/wordpress/?p=1575) adjacent to post with id: 1581 has been purged, triggered by action: save_post 
[2025-01-08 10:36:37 : INFO] - Cache for all archives page associated with post_type: post and Title: "Technology and Business Trends for Executives" have been purged, triggered by action: save_post 
[2025-01-08 11:32:58 : INFO] - Cache for URL: http://localhost/wordpress/?p=1573 has been purged, triggered by action: wp_trash_post 
[2025-01-08 11:32:58 : INFO] - Cache for multiple term taxonomy have been purged due to post terms update, triggered by action: set_object_terms 
[2025-01-08 11:32:58 : INFO] - Cache for URL: http://localhost/wordpress/?p=1573 has been purged, triggered by action: save_post 
[2025-01-08 11:32:58 : INFO] - Cache for blog post has been purged due to updates to post with Title: "Installation of phpMyAdmin in Ubuntu" and URL: http://localhost/wordpress/?p=1573, triggered by action: save_post 
[2025-01-08 11:32:58 : INFO] - Cache for previous post (with URL: http://localhost/wordpress/?p=1570) adjacent to post with id: 1573 has been purged, triggered by action: save_post 
[2025-01-08 11:32:58 : INFO] - Cache for next post (with URL: http://localhost/wordpress/?p=1575) adjacent to post with id: 1573 has been purged, triggered by action: save_post 
[2025-01-08 11:32:58 : INFO] - Cache for all archives page associated with post_type: post and Title: "Installation of phpMyAdmin in Ubuntu" have been purged, triggered by action: save_post 
[2025-01-08 11:33:01 : INFO] - Cache for URL: http://localhost/wordpress/?p=1575 has been purged, triggered by action: wp_trash_post 
[2025-01-08 11:33:01 : INFO] - Cache for multiple term taxonomy have been purged due to post terms update, triggered by action: set_object_terms 
[2025-01-08 11:33:01 : INFO] - Cache for URL: http://localhost/wordpress/?p=1575 has been purged, triggered by action: save_post 
[2025-01-08 11:33:01 : INFO] - Cache for blog post has been purged due to updates to post with Title: "Installation of phpMyAdmin in Ubuntu" and URL: http://localhost/wordpress/?p=1575, triggered by action: save_post 
[2025-01-08 11:33:01 : INFO] - Cache for previous post (with URL: http://localhost/wordpress/?p=1570) adjacent to post with id: 1575 has been purged, triggered by action: save_post 
[2025-01-08 11:33:01 : INFO] - Cache for next post (with URL: http://localhost/wordpress/?p=1581) adjacent to post with id: 1575 has been purged, triggered by action: save_post 
[2025-01-08 11:33:01 : INFO] - Cache for all archives page associated with post_type: post and Title: "Installation of phpMyAdmin in Ubuntu" have been purged, triggered by action: save_post 
[2025-01-08 12:41:25 : INFO] - Cache for multiple term taxonomy have been purged due to post terms update, triggered by action: set_object_terms 
[2025-01-08 12:41:25 : INFO] - Cache for multiple term taxonomy have been purged due to post terms update, triggered by action: set_object_terms 
[2025-01-08 12:41:25 : INFO] - Cache for URL: http://localhost/wordpress/?p=1585 has been purged, triggered by action: save_post 
[2025-01-08 12:41:25 : INFO] - Cache for blog post has been purged due to updates to post with Title: "Technology and Business Trends for Executives" and URL: http://localhost/wordpress/?p=1585, triggered by action: save_post 
[2025-01-08 12:41:25 : INFO] - Cache for previous post (with URL: http://localhost/wordpress/?p=1581) adjacent to post with id: 1585 has been purged, triggered by action: save_post 
[2025-01-08 12:41:25 : INFO] - Cache for all archives page associated with post_type: post and Title: "Technology and Business Trends for Executives" have been purged, triggered by action: save_post 
[2025-01-09 04:26:05 : INFO] - Cache for URL: http://localhost/wordpress/?p=1586 has been purged, triggered by action: save_post 
[2025-01-09 04:26:05 : INFO] - Cache for blog post has been purged due to updates to post with Title: "Auto Draft" and URL: http://localhost/wordpress/?p=1586, triggered by action: save_post 
[2025-01-09 04:26:05 : INFO] - Cache for previous post (with URL: http://localhost/wordpress/?p=1585) adjacent to post with id: 1586 has been purged, triggered by action: save_post 
[2025-01-09 04:26:05 : INFO] - Cache for all archives page associated with post_type: post and Title: "Auto Draft" have been purged, triggered by action: save_post 
[2025-01-09 04:52:29 : INFO] - Cache for multiple term taxonomy have been purged due to post terms update, triggered by action: set_object_terms 
[2025-01-09 04:52:29 : INFO] - Cache for multiple term taxonomy have been purged due to post terms update, triggered by action: set_object_terms 
[2025-01-09 04:52:29 : INFO] - Cache for URL: http://localhost/wordpress/?p=1588 has been purged, triggered by action: save_post 
[2025-01-09 04:52:29 : INFO] - Cache for blog post has been purged due to updates to post with Title: "How to Assign Any Tags to Customers When Creating an Account" and URL: http://localhost/wordpress/?p=1588, triggered by action: save_post 
[2025-01-09 04:52:29 : INFO] - Cache for previous post (with URL: http://localhost/wordpress/?p=1585) adjacent to post with id: 1588 has been purged, triggered by action: save_post 
[2025-01-09 04:52:29 : INFO] - Cache for all archives page associated with post_type: post and Title: "How to Assign Any Tags to Customers When Creating an Account" have been purged, triggered by action: save_post 
[2025-01-09 05:35:10 : INFO] - Cache for multiple term taxonomy have been purged due to post terms update, triggered by action: set_object_terms 
[2025-01-09 05:35:10 : INFO] - Cache for multiple term taxonomy have been purged due to post terms update, triggered by action: set_object_terms 
[2025-01-09 05:35:10 : INFO] - Cache for URL: http://localhost/wordpress/?p=1590 has been purged, triggered by action: save_post 
[2025-01-09 05:35:10 : INFO] - Cache for blog post has been purged due to updates to post with Title: "ter" and URL: http://localhost/wordpress/?p=1590, triggered by action: save_post 
[2025-01-09 05:35:10 : INFO] - Cache for previous post (with URL: http://localhost/wordpress/?p=1588) adjacent to post with id: 1590 has been purged, triggered by action: save_post 
[2025-01-09 05:35:10 : INFO] - Cache for all archives page associated with post_type: post and Title: "ter" have been purged, triggered by action: save_post 
[2025-01-09 05:45:43 : INFO] - Cache for URL: http://localhost/wordpress/?p=1590 has been purged, triggered by action: wp_trash_post 
[2025-01-09 05:45:43 : INFO] - Cache for multiple term taxonomy have been purged due to post terms update, triggered by action: set_object_terms 
[2025-01-09 05:45:43 : INFO] - Cache for URL: http://localhost/wordpress/?p=1590 has been purged, triggered by action: save_post 
[2025-01-09 05:45:43 : INFO] - Cache for blog post has been purged due to updates to post with Title: "ter" and URL: http://localhost/wordpress/?p=1590, triggered by action: save_post 
[2025-01-09 05:45:43 : INFO] - Cache for previous post (with URL: http://localhost/wordpress/?p=1588) adjacent to post with id: 1590 has been purged, triggered by action: save_post 
[2025-01-09 05:45:43 : INFO] - Cache for all archives page associated with post_type: post and Title: "ter" have been purged, triggered by action: save_post 
[2025-01-09 06:13:25 : INFO] - Cache for URL: http://localhost/wordpress/?page_id=1592 has been purged, triggered by action: save_post 
[2025-01-09 06:14:26 : INFO] - Cache for URL: http://localhost/wordpress/?page_id=1592 has been purged, triggered by action: save_post 
[2025-01-09 06:14:44 : INFO] - Cache for URL: http://localhost/wordpress/?page_id=1592 has been purged, triggered by action: save_post 
[2025-01-09 06:21:38 : INFO] - Cache for multiple term taxonomy have been purged due to post terms update, triggered by action: set_object_terms 
[2025-01-09 06:49:51 : INFO] - Cache for URL: http://localhost/wordpress/?page_id=1592 has been purged, triggered by action: save_post 
[2025-01-09 09:56:41 : INFO] - Cache for URL: http://localhost/wordpress/?page_id=1599 has been purged, triggered by action: save_post 
[2025-01-09 09:57:11 : INFO] - Cache for URL: http://localhost/wordpress/?page_id=1599 has been purged, triggered by action: save_post 
[2025-01-09 10:39:27 : INFO] - Cache for URL: http://localhost/wordpress/?page_id=1599 has been purged, triggered by action: save_post 
[2025-01-09 10:39:27 : INFO] - Cache for URL: http://localhost/wordpress/?page_id=1599 has been purged, triggered by action: save_post 
[2025-01-09 12:15:56 : INFO] - Full Cache Purge triggered by: plugin activation/deactivation 
[2025-01-09 12:18:41 : INFO] - Cache for URL: http://localhost/wordpress/?page_id=1599 has been purged, triggered by action: save_post 
[2025-01-10 05:01:47 : INFO] - Cache for URL: http://localhost/wordpress/?page_id=983 has been purged, triggered by action: save_post 
[2025-01-10 05:01:56 : INFO] - Cache for URL: http://localhost/wordpress/?page_id=984 has been purged, triggered by action: save_post 
[2025-01-10 05:02:13 : INFO] - Cache for URL: http://localhost/wordpress/?page_id=985 has been purged, triggered by action: save_post 
[2025-01-10 05:02:28 : INFO] - Cache for URL: http://localhost/wordpress/?page_id=982 has been purged, triggered by action: save_post 
[2025-01-10 05:08:51 : INFO] - Cache for URL: http://localhost/wordpress/?page_id=984 has been purged, triggered by action: save_post 
[2025-01-10 05:15:00 : INFO] - Cache for URL: http://localhost/wordpress/?page_id=984 has been purged, triggered by action: save_post 
[2025-01-10 05:16:14 : INFO] - Cache for URL: http://localhost/wordpress/?page_id=984 has been purged, triggered by action: save_post 
[2025-01-10 06:47:08 : INFO] - Cache for URL: http://localhost/wordpress/?page_id=985 has been purged, triggered by action: wp_trash_post 
[2025-01-10 06:47:08 : INFO] - Cache for URL: http://localhost/wordpress/?page_id=985 has been purged, triggered by action: save_post 
[2025-01-10 06:47:21 : INFO] - Cache for URL: http://localhost/wordpress/?page_id=1612 has been purged, triggered by action: save_post 
[2025-01-10 06:48:10 : INFO] - Cache for URL: http://localhost/wordpress/?page_id=1612 has been purged, triggered by action: save_post 
[2025-01-10 07:17:27 : INFO] - Cache for URL: http://localhost/wordpress/?page_id=1614 has been purged, triggered by action: save_post 
[2025-01-10 07:17:35 : INFO] - Cache for URL: http://localhost/wordpress/?page_id=1614 has been purged, triggered by action: save_post 
[2025-01-10 07:22:18 : INFO] - Cache for URL: http://localhost/wordpress/?page_id=1614 has been purged, triggered by action: save_post 
[2025-01-10 07:41:03 : INFO] - Cache for URL: http://localhost/wordpress/?page_id=1614 has been purged, triggered by action: save_post 
[2025-01-10 07:41:03 : INFO] - Cache for URL: http://localhost/wordpress/?page_id=1614 has been purged, triggered by action: save_post 
[2025-01-10 07:41:03 : INFO] - Cache for URL: http://localhost/wordpress/?page_id=1614 has been purged, triggered by action: save_post 
[2025-01-10 07:56:22 : INFO] - Cache for URL: http://localhost/wordpress/?page_id=1614 has been purged, triggered by action: save_post 
[2025-01-10 07:56:22 : INFO] - Cache for URL: http://localhost/wordpress/?page_id=1614 has been purged, triggered by action: save_post 
[2025-01-10 07:56:22 : INFO] - Cache for URL: http://localhost/wordpress/?page_id=1614 has been purged, triggered by action: save_post 
[2025-01-10 08:00:45 : INFO] - Cache for URL: http://localhost/wordpress/?page_id=1614 has been purged, triggered by action: save_post 
[2025-01-10 08:00:45 : INFO] - Cache for URL: http://localhost/wordpress/?page_id=1614 has been purged, triggered by action: save_post 
[2025-01-10 08:00:46 : INFO] - Cache for URL: http://localhost/wordpress/?page_id=1614 has been purged, triggered by action: save_post 
[2025-01-10 08:49:33 : INFO] - Cache for URL: http://localhost/wordpress/?page_id=1614 has been purged, triggered by action: save_post 
[2025-01-10 08:49:33 : INFO] - Cache for URL: http://localhost/wordpress/?page_id=1614 has been purged, triggered by action: save_post 
[2025-01-10 08:49:33 : INFO] - Cache for URL: http://localhost/wordpress/?page_id=1614 has been purged, triggered by action: save_post 
[2025-01-10 08:50:09 : INFO] - Cache for URL: http://localhost/wordpress/?page_id=1614 has been purged, triggered by action: save_post 
[2025-01-10 08:50:09 : INFO] - Cache for URL: http://localhost/wordpress/?page_id=1614 has been purged, triggered by action: save_post 
[2025-01-10 08:50:09 : INFO] - Cache for URL: http://localhost/wordpress/?page_id=1614 has been purged, triggered by action: save_post 
[2025-01-10 08:51:08 : INFO] - Cache for URL: http://localhost/wordpress/?page_id=1614 has been purged, triggered by action: save_post 
[2025-01-10 08:51:08 : INFO] - Cache for URL: http://localhost/wordpress/?page_id=1614 has been purged, triggered by action: save_post 
[2025-01-10 08:51:08 : INFO] - Cache for URL: http://localhost/wordpress/?page_id=1614 has been purged, triggered by action: save_post 
[2025-01-10 08:56:42 : INFO] - Cache for URL: http://localhost/wordpress/?page_id=1612 has been purged, triggered by action: wp_trash_post 
[2025-01-10 08:56:42 : INFO] - Cache for URL: http://localhost/wordpress/?page_id=1612 has been purged, triggered by action: save_post 
[2025-01-10 08:57:01 : INFO] - Cache for URL: http://localhost/wordpress/?page_id=1614 has been purged, triggered by action: save_post 
[2025-01-10 08:58:55 : INFO] - Cache for URL: http://localhost/wordpress/?page_id=1614 has been purged, triggered by action: save_post 
[2025-01-10 08:58:55 : INFO] - Cache for URL: http://localhost/wordpress/?page_id=1614 has been purged, triggered by action: save_post 
[2025-01-10 08:58:56 : INFO] - Cache for URL: http://localhost/wordpress/?page_id=1614 has been purged, triggered by action: save_post 
[2025-01-10 09:03:00 : INFO] - Cache for URL: http://localhost/wordpress/?page_id=985 has been purged, triggered by action: save_post 
[2025-01-10 09:03:04 : INFO] - Cache for URL: http://localhost/wordpress/?page_id=1612 has been purged, triggered by action: save_post 
[2025-01-10 09:05:11 : INFO] - Cache for URL: http://localhost/wordpress/?page_id=1612 has been purged, triggered by action: wp_trash_post 
[2025-01-10 09:05:11 : INFO] - Cache for URL: http://localhost/wordpress/?page_id=1612 has been purged, triggered by action: save_post 
[2025-01-10 09:05:15 : INFO] - Cache for URL: http://localhost/wordpress/?page_id=985 has been purged, triggered by action: wp_trash_post 
[2025-01-10 09:05:15 : INFO] - Cache for URL: http://localhost/wordpress/?page_id=985 has been purged, triggered by action: save_post 
[2025-01-10 09:08:56 : INFO] - Cache for URL: http://localhost/wordpress/?page_id=1614 has been purged, triggered by action: save_post 
[2025-01-10 09:11:16 : INFO] - Cache for URL: http://localhost/wordpress/?page_id=1614 has been purged, triggered by action: save_post 
[2025-01-10 09:11:16 : INFO] - Cache for URL: http://localhost/wordpress/?page_id=1614 has been purged, triggered by action: save_post 
[2025-01-10 09:11:17 : INFO] - Cache for URL: http://localhost/wordpress/?page_id=1614 has been purged, triggered by action: save_post 
[2025-01-10 09:17:30 : INFO] - Cache for URL: http://localhost/wordpress/?page_id=1614 has been purged, triggered by action: save_post 
[2025-01-10 09:17:30 : INFO] - Cache for URL: http://localhost/wordpress/?page_id=1614 has been purged, triggered by action: save_post 
[2025-01-10 09:17:30 : INFO] - Cache for URL: http://localhost/wordpress/?page_id=1614 has been purged, triggered by action: save_post 
[2025-01-10 09:21:48 : INFO] - Cache for URL: http://localhost/wordpress/?page_id=1614 has been purged, triggered by action: save_post 
[2025-01-10 09:21:48 : INFO] - Cache for URL: http://localhost/wordpress/?page_id=1614 has been purged, triggered by action: save_post 
[2025-01-10 09:21:48 : INFO] - Cache for URL: http://localhost/wordpress/?page_id=1614 has been purged, triggered by action: save_post 
[2025-01-10 09:23:20 : INFO] - Cache for URL: http://localhost/wordpress/?page_id=1614 has been purged, triggered by action: save_post 
[2025-01-10 09:23:20 : INFO] - Cache for URL: http://localhost/wordpress/?page_id=1614 has been purged, triggered by action: save_post 
[2025-01-10 09:23:20 : INFO] - Cache for URL: http://localhost/wordpress/?page_id=1614 has been purged, triggered by action: save_post 
[2025-01-10 09:24:54 : INFO] - Cache for URL: http://localhost/wordpress/?page_id=1614 has been purged, triggered by action: save_post 
[2025-01-10 09:24:54 : INFO] - Cache for URL: http://localhost/wordpress/?page_id=1614 has been purged, triggered by action: save_post 
[2025-01-10 09:24:54 : INFO] - Cache for URL: http://localhost/wordpress/?page_id=1614 has been purged, triggered by action: save_post 
[2025-01-10 09:25:59 : INFO] - Cache for URL: http://localhost/wordpress/?page_id=1614 has been purged, triggered by action: save_post 
[2025-01-10 09:25:59 : INFO] - Cache for URL: http://localhost/wordpress/?page_id=1614 has been purged, triggered by action: save_post 
[2025-01-10 09:25:59 : INFO] - Cache for URL: http://localhost/wordpress/?page_id=1614 has been purged, triggered by action: save_post 
[2025-01-10 09:27:52 : INFO] - Cache for URL: http://localhost/wordpress/?page_id=1614 has been purged, triggered by action: save_post 
[2025-01-10 09:27:52 : INFO] - Cache for URL: http://localhost/wordpress/?page_id=1614 has been purged, triggered by action: save_post 
[2025-01-10 09:27:52 : INFO] - Cache for URL: http://localhost/wordpress/?page_id=1614 has been purged, triggered by action: save_post 
[2025-01-10 09:29:21 : INFO] - Cache for URL: http://localhost/wordpress/?page_id=984 has been purged, triggered by action: wp_trash_post 
[2025-01-10 09:29:21 : INFO] - Cache for URL: http://localhost/wordpress/?page_id=984 has been purged, triggered by action: save_post 
[2025-01-10 09:29:24 : INFO] - Cache for URL: http://localhost/wordpress/?page_id=1667 has been purged, triggered by action: save_post 
[2025-01-10 09:29:46 : INFO] - Cache for URL: http://localhost/wordpress/?page_id=1667 has been purged, triggered by action: save_post 
[2025-01-10 09:33:11 : INFO] - Cache for URL: http://localhost/wordpress/?page_id=1614 has been purged, triggered by action: save_post 
[2025-01-10 09:33:11 : INFO] - Cache for URL: http://localhost/wordpress/?page_id=1614 has been purged, triggered by action: save_post 
[2025-01-10 09:33:11 : INFO] - Cache for URL: http://localhost/wordpress/?page_id=1614 has been purged, triggered by action: save_post 
[2025-01-10 09:33:23 : INFO] - Cache for URL: http://localhost/wordpress/?page_id=1614 has been purged, triggered by action: save_post 
[2025-01-10 09:33:23 : INFO] - Cache for URL: http://localhost/wordpress/?page_id=1614 has been purged, triggered by action: save_post 
[2025-01-10 09:33:23 : INFO] - Cache for URL: http://localhost/wordpress/?page_id=1614 has been purged, triggered by action: save_post 
[2025-01-10 09:35:55 : INFO] - Cache for URL: http://localhost/wordpress/?page_id=1614 has been purged, triggered by action: save_post 
[2025-01-10 09:35:55 : INFO] - Cache for URL: http://localhost/wordpress/?page_id=1614 has been purged, triggered by action: save_post 
[2025-01-10 09:35:55 : INFO] - Cache for URL: http://localhost/wordpress/?page_id=1614 has been purged, triggered by action: save_post 
[2025-01-10 09:36:26 : INFO] - Cache for URL: http://localhost/wordpress/?page_id=1614 has been purged, triggered by action: save_post 
[2025-01-10 09:36:26 : INFO] - Cache for URL: http://localhost/wordpress/?page_id=1614 has been purged, triggered by action: save_post 
[2025-01-10 09:36:26 : INFO] - Cache for URL: http://localhost/wordpress/?page_id=1614 has been purged, triggered by action: save_post 
[2025-01-10 09:41:56 : INFO] - Cache for URL: http://localhost/wordpress/?page_id=1614 has been purged, triggered by action: save_post 
[2025-01-10 09:41:56 : INFO] - Cache for URL: http://localhost/wordpress/?page_id=1614 has been purged, triggered by action: save_post 
[2025-01-10 09:41:57 : INFO] - Cache for URL: http://localhost/wordpress/?page_id=1614 has been purged, triggered by action: save_post 
[2025-01-10 09:44:52 : INFO] - Cache for URL: http://localhost/wordpress/?page_id=1614 has been purged, triggered by action: save_post 
[2025-01-10 09:44:52 : INFO] - Cache for URL: http://localhost/wordpress/?page_id=1614 has been purged, triggered by action: save_post 
[2025-01-10 09:44:52 : INFO] - Cache for URL: http://localhost/wordpress/?page_id=1614 has been purged, triggered by action: save_post 
[2025-01-10 09:46:25 : INFO] - Cache for URL: http://localhost/wordpress/?page_id=1614 has been purged, triggered by action: save_post 
[2025-01-10 09:46:25 : INFO] - Cache for URL: http://localhost/wordpress/?page_id=1614 has been purged, triggered by action: save_post 
[2025-01-10 09:46:25 : INFO] - Cache for URL: http://localhost/wordpress/?page_id=1614 has been purged, triggered by action: save_post 
[2025-01-10 09:48:05 : INFO] - Cache for URL: http://localhost/wordpress/?page_id=1614 has been purged, triggered by action: save_post 
[2025-01-10 09:48:05 : INFO] - Cache for URL: http://localhost/wordpress/?page_id=1614 has been purged, triggered by action: save_post 
[2025-01-10 09:48:05 : INFO] - Cache for URL: http://localhost/wordpress/?page_id=1614 has been purged, triggered by action: save_post 
[2025-01-10 09:54:30 : INFO] - Cache for URL: http://localhost/wordpress/?page_id=1614 has been purged, triggered by action: save_post 
[2025-01-10 09:54:30 : INFO] - Cache for URL: http://localhost/wordpress/?page_id=1614 has been purged, triggered by action: save_post 
[2025-01-10 09:54:30 : INFO] - Cache for URL: http://localhost/wordpress/?page_id=1614 has been purged, triggered by action: save_post 
[2025-01-10 09:55:38 : INFO] - Cache for URL: http://localhost/wordpress/?page_id=1614 has been purged, triggered by action: save_post 
[2025-01-10 09:55:38 : INFO] - Cache for URL: http://localhost/wordpress/?page_id=1614 has been purged, triggered by action: save_post 
[2025-01-10 09:55:38 : INFO] - Cache for URL: http://localhost/wordpress/?page_id=1614 has been purged, triggered by action: save_post 
[2025-01-10 10:19:11 : INFO] - Cache for URL: http://localhost/wordpress/?page_id=1614 has been purged, triggered by action: save_post 
[2025-01-10 10:19:11 : INFO] - Cache for URL: http://localhost/wordpress/?page_id=1614 has been purged, triggered by action: save_post 
[2025-01-10 10:19:11 : INFO] - Cache for URL: http://localhost/wordpress/?page_id=1614 has been purged, triggered by action: save_post 
[2025-01-10 10:21:02 : INFO] - Cache for URL: http://localhost/wordpress/?page_id=1614 has been purged, triggered by action: save_post 
[2025-01-10 10:21:02 : INFO] - Cache for URL: http://localhost/wordpress/?page_id=1614 has been purged, triggered by action: save_post 
[2025-01-10 10:21:02 : INFO] - Cache for URL: http://localhost/wordpress/?page_id=1614 has been purged, triggered by action: save_post 
[2025-01-10 10:38:36 : INFO] - Full Cache Purge triggered by: plugin activation/deactivation 
[2025-01-10 10:39:20 : INFO] - Full Cache Purge triggered by: plugin activation/deactivation 
[2025-01-10 10:40:41 : INFO] - Cache for multiple term taxonomy have been purged due to post terms update, triggered by action: set_object_terms 
[2025-01-10 10:40:41 : INFO] - Cache for multiple term taxonomy have been purged due to post terms update, triggered by action: set_object_terms 
[2025-01-10 10:45:22 : INFO] - Cache for URL: http://localhost/wordpress/?page_id=1614 has been purged, triggered by action: save_post 
[2025-01-10 10:45:23 : INFO] - Cache for URL: http://localhost/wordpress/?page_id=1614 has been purged, triggered by action: save_post 
[2025-01-10 10:45:23 : INFO] - Cache for URL: http://localhost/wordpress/?page_id=1614 has been purged, triggered by action: save_post 
[2025-01-10 11:42:11 : INFO] - Cache for URL: http://localhost/wordpress/?page_id=1614 has been purged, triggered by action: save_post 
[2025-01-10 11:42:11 : INFO] - Cache for URL: http://localhost/wordpress/?page_id=1614 has been purged, triggered by action: save_post 
[2025-01-10 11:42:11 : INFO] - Cache for URL: http://localhost/wordpress/?page_id=1614 has been purged, triggered by action: save_post 
[2025-01-10 11:51:42 : INFO] - Cache for URL: http://localhost/wordpress/?page_id=1614 has been purged, triggered by action: save_post 
[2025-01-10 11:51:42 : INFO] - Cache for URL: http://localhost/wordpress/?page_id=1614 has been purged, triggered by action: save_post 
[2025-01-10 11:51:42 : INFO] - Cache for URL: http://localhost/wordpress/?page_id=1614 has been purged, triggered by action: save_post 
[2025-01-10 11:52:22 : INFO] - Cache for URL: http://localhost/wordpress/?page_id=1614 has been purged, triggered by action: save_post 
[2025-01-10 11:52:23 : INFO] - Cache for URL: http://localhost/wordpress/?page_id=1614 has been purged, triggered by action: save_post 
[2025-01-10 11:52:23 : INFO] - Cache for URL: http://localhost/wordpress/?page_id=1614 has been purged, triggered by action: save_post 
[2025-01-10 11:53:08 : INFO] - Cache for URL: http://localhost/wordpress/?page_id=1614 has been purged, triggered by action: save_post 
[2025-01-10 11:53:08 : INFO] - Cache for URL: http://localhost/wordpress/?page_id=1614 has been purged, triggered by action: save_post 
[2025-01-10 11:53:08 : INFO] - Cache for URL: http://localhost/wordpress/?page_id=1614 has been purged, triggered by action: save_post 
[2025-01-10 11:54:41 : INFO] - Cache for URL: http://localhost/wordpress/?page_id=1614 has been purged, triggered by action: save_post 
[2025-01-10 11:54:41 : INFO] - Cache for URL: http://localhost/wordpress/?page_id=1614 has been purged, triggered by action: save_post 
[2025-01-10 11:54:41 : INFO] - Cache for URL: http://localhost/wordpress/?page_id=1614 has been purged, triggered by action: save_post 
[2025-01-10 11:57:46 : INFO] - Cache for URL: http://localhost/wordpress/?page_id=1614 has been purged, triggered by action: save_post 
[2025-01-10 11:57:46 : INFO] - Cache for URL: http://localhost/wordpress/?page_id=1614 has been purged, triggered by action: save_post 
[2025-01-10 11:57:46 : INFO] - Cache for URL: http://localhost/wordpress/?page_id=1614 has been purged, triggered by action: save_post 
[2025-01-10 12:00:01 : INFO] - Cache for URL: http://localhost/wordpress/?page_id=1614 has been purged, triggered by action: save_post 
[2025-01-10 12:00:01 : INFO] - Cache for URL: http://localhost/wordpress/?page_id=1614 has been purged, triggered by action: save_post 
[2025-01-10 12:00:02 : INFO] - Cache for URL: http://localhost/wordpress/?page_id=1614 has been purged, triggered by action: save_post 
[2025-01-11 05:41:56 : INFO] - Full Cache Purge triggered by: plugin activation/deactivation 
[2025-01-11 06:13:11 : INFO] - Cache for multiple term taxonomy have been purged due to post terms update, triggered by action: set_object_terms 
[2025-01-11 06:13:11 : INFO] - Cache for multiple term taxonomy have been purged due to post terms update, triggered by action: set_object_terms 
[2025-01-11 06:13:11 : INFO] - Cache for multiple term taxonomy have been purged due to post terms update, triggered by action: set_object_terms 
[2025-01-11 06:13:11 : INFO] - Cache for multiple term taxonomy have been purged due to post terms update, triggered by action: set_object_terms 
[2025-01-11 06:16:14 : INFO] - Cache for multiple term taxonomy have been purged due to post terms update, triggered by action: set_object_terms 
[2025-01-11 06:16:14 : INFO] - Cache for multiple term taxonomy have been purged due to post terms update, triggered by action: set_object_terms 
[2025-01-11 06:16:14 : INFO] - Cache for multiple term taxonomy have been purged due to post terms update, triggered by action: set_object_terms 
[2025-01-11 06:30:34 : INFO] - Cache for multiple term taxonomy have been purged due to post terms update, triggered by action: set_object_terms 
[2025-01-11 06:30:34 : INFO] - Cache for multiple term taxonomy have been purged due to post terms update, triggered by action: set_object_terms 
[2025-01-11 08:49:28 : INFO] - Cache for URL: http://localhost/wordpress/?page_id=1771 has been purged, triggered by action: save_post 
[2025-01-11 08:49:47 : INFO] - Cache for URL: http://localhost/wordpress/?page_id=1771 has been purged, triggered by action: save_post 
[2025-01-11 09:13:00 : INFO] - Cache for URL: http://localhost/wordpress/?page_id=1771 has been purged, triggered by action: save_post 
[2025-01-11 09:13:00 : INFO] - Cache for URL: http://localhost/wordpress/?page_id=1771 has been purged, triggered by action: save_post 
[2025-01-11 09:13:01 : INFO] - Cache for URL: http://localhost/wordpress/?page_id=1771 has been purged, triggered by action: save_post 
[2025-01-11 09:15:09 : INFO] - Cache for URL: http://localhost/wordpress/?page_id=1771 has been purged, triggered by action: save_post 
[2025-01-11 09:15:09 : INFO] - Cache for URL: http://localhost/wordpress/?page_id=1771 has been purged, triggered by action: save_post 
[2025-01-11 09:15:10 : INFO] - Cache for URL: http://localhost/wordpress/?page_id=1771 has been purged, triggered by action: save_post 
[2025-01-11 09:16:18 : INFO] - Cache for URL: http://localhost/wordpress/?page_id=1771 has been purged, triggered by action: save_post 
[2025-01-11 09:16:18 : INFO] - Cache for URL: http://localhost/wordpress/?page_id=1771 has been purged, triggered by action: save_post 
[2025-01-11 09:16:18 : INFO] - Cache for URL: http://localhost/wordpress/?page_id=1771 has been purged, triggered by action: save_post 
[2025-01-11 09:21:15 : INFO] - Cache for URL: http://localhost/wordpress/?page_id=1771 has been purged, triggered by action: save_post 
[2025-01-11 09:21:15 : INFO] - Cache for URL: http://localhost/wordpress/?page_id=1771 has been purged, triggered by action: save_post 
[2025-01-11 09:21:15 : INFO] - Cache for URL: http://localhost/wordpress/?page_id=1771 has been purged, triggered by action: save_post 
[2025-01-11 09:22:38 : INFO] - Cache for URL: http://localhost/wordpress/?page_id=1771 has been purged, triggered by action: save_post 
[2025-01-11 09:22:38 : INFO] - Cache for URL: http://localhost/wordpress/?page_id=1771 has been purged, triggered by action: save_post 
[2025-01-11 09:22:39 : INFO] - Cache for URL: http://localhost/wordpress/?page_id=1771 has been purged, triggered by action: save_post 
[2025-01-11 09:23:08 : INFO] - Cache for URL: http://localhost/wordpress/?page_id=1771 has been purged, triggered by action: save_post 
[2025-01-11 09:23:08 : INFO] - Cache for URL: http://localhost/wordpress/?page_id=1771 has been purged, triggered by action: save_post 
[2025-01-11 09:23:08 : INFO] - Cache for URL: http://localhost/wordpress/?page_id=1771 has been purged, triggered by action: save_post 
[2025-01-11 09:40:29 : INFO] - Cache for URL: http://localhost/wordpress/?page_id=1771 has been purged, triggered by action: save_post 
[2025-01-11 09:40:29 : INFO] - Cache for URL: http://localhost/wordpress/?page_id=1771 has been purged, triggered by action: save_post 
[2025-01-11 09:40:30 : INFO] - Cache for URL: http://localhost/wordpress/?page_id=1771 has been purged, triggered by action: save_post 
[2025-01-11 09:41:37 : INFO] - Cache for URL: http://localhost/wordpress/?page_id=1771 has been purged, triggered by action: save_post 
[2025-01-11 09:41:37 : INFO] - Cache for URL: http://localhost/wordpress/?page_id=1771 has been purged, triggered by action: save_post 
[2025-01-11 09:41:37 : INFO] - Cache for URL: http://localhost/wordpress/?page_id=1771 has been purged, triggered by action: save_post 
[2025-01-11 09:43:07 : INFO] - Cache for URL: http://localhost/wordpress/?page_id=1771 has been purged, triggered by action: save_post 
[2025-01-11 09:43:07 : INFO] - Cache for URL: http://localhost/wordpress/?page_id=1771 has been purged, triggered by action: save_post 
[2025-01-11 09:43:07 : INFO] - Cache for URL: http://localhost/wordpress/?page_id=1771 has been purged, triggered by action: save_post 
[2025-01-11 09:44:56 : INFO] - Cache for URL: http://localhost/wordpress/?page_id=1771 has been purged, triggered by action: save_post 
[2025-01-11 09:44:56 : INFO] - Cache for URL: http://localhost/wordpress/?page_id=1771 has been purged, triggered by action: save_post 
[2025-01-11 09:44:56 : INFO] - Cache for URL: http://localhost/wordpress/?page_id=1771 has been purged, triggered by action: save_post 
[2025-01-11 09:47:13 : INFO] - Cache for URL: http://localhost/wordpress/?page_id=1771 has been purged, triggered by action: save_post 
[2025-01-11 09:47:13 : INFO] - Cache for URL: http://localhost/wordpress/?page_id=1771 has been purged, triggered by action: save_post 
[2025-01-11 09:47:13 : INFO] - Cache for URL: http://localhost/wordpress/?page_id=1771 has been purged, triggered by action: save_post 
[2025-01-11 09:48:59 : INFO] - Cache for URL: http://localhost/wordpress/?page_id=1771 has been purged, triggered by action: save_post 
[2025-01-11 09:48:59 : INFO] - Cache for URL: http://localhost/wordpress/?page_id=1771 has been purged, triggered by action: save_post 
[2025-01-11 09:48:59 : INFO] - Cache for URL: http://localhost/wordpress/?page_id=1771 has been purged, triggered by action: save_post 
[2025-01-11 10:08:06 : INFO] - Cache for URL: http://localhost/wordpress/?page_id=1771 has been purged, triggered by action: save_post 
[2025-01-11 10:08:06 : INFO] - Cache for URL: http://localhost/wordpress/?page_id=1771 has been purged, triggered by action: save_post 
[2025-01-11 10:08:06 : INFO] - Cache for URL: http://localhost/wordpress/?page_id=1771 has been purged, triggered by action: save_post 
[2025-01-11 10:08:53 : INFO] - Cache for URL: http://localhost/wordpress/?page_id=1771 has been purged, triggered by action: save_post 
[2025-01-11 10:08:54 : INFO] - Cache for URL: http://localhost/wordpress/?page_id=1771 has been purged, triggered by action: save_post 
[2025-01-11 10:08:54 : INFO] - Cache for URL: http://localhost/wordpress/?page_id=1771 has been purged, triggered by action: save_post 
[2025-01-11 10:12:12 : INFO] - Cache for URL: http://localhost/wordpress/?page_id=1771 has been purged, triggered by action: save_post 
[2025-01-11 10:12:12 : INFO] - Cache for URL: http://localhost/wordpress/?page_id=1771 has been purged, triggered by action: save_post 
[2025-01-11 10:12:12 : INFO] - Cache for URL: http://localhost/wordpress/?page_id=1771 has been purged, triggered by action: save_post 
[2025-01-11 10:13:50 : INFO] - Cache for multiple term taxonomy have been purged due to post terms update, triggered by action: set_object_terms 
[2025-01-15 06:44:56 : INFO] - Cache for URL: http://localhost/wordpress/?page_id=1822 has been purged, triggered by action: save_post 
[2025-01-15 06:45:19 : INFO] - Cache for URL: http://localhost/wordpress/?page_id=1822 has been purged, triggered by action: save_post 
[2025-01-15 06:48:47 : INFO] - Cache for URL: http://localhost/wordpress/?page_id=1822 has been purged, triggered by action: save_post 
[2025-01-15 06:58:36 : INFO] - Cache for URL: http://localhost/wordpress/?page_id=1771 has been purged, triggered by action: save_post 
[2025-01-15 06:58:36 : INFO] - Cache for URL: http://localhost/wordpress/?page_id=1771 has been purged, triggered by action: save_post 
[2025-01-15 06:58:36 : INFO] - Cache for URL: http://localhost/wordpress/?page_id=1771 has been purged, triggered by action: save_post 
[2025-01-15 07:10:04 : INFO] - Cache for URL: http://localhost/wordpress/?page_id=1771 has been purged, triggered by action: save_post 
[2025-01-15 07:10:04 : INFO] - Cache for URL: http://localhost/wordpress/?page_id=1771 has been purged, triggered by action: save_post 
[2025-01-15 07:10:04 : INFO] - Cache for URL: http://localhost/wordpress/?page_id=1771 has been purged, triggered by action: save_post 
[2025-01-15 07:18:57 : INFO] - Full Cache Purge triggered by: plugin activation/deactivation 
[2025-01-15 07:41:16 : INFO] - Full Cache Purge triggered by: plugin activation/deactivation 
[2025-01-15 07:41:17 : INFO] - Full Cache Purge triggered by: WPO_Page_Cache::disable 
[2025-01-15 07:41:17 : INFO] - Full Cache Purge triggered by: WP_Optimize_Minify_Cache_Functions::purge_others 
[2025-01-16 09:16:27 : INFO] - Full Cache Purge triggered by: plugin activation/deactivation 
[2025-01-17 05:16:31 : INFO] - Full Cache Purge triggered by: plugin activation/deactivation 
[2025-01-17 11:16:03 : INFO] - Cache for URL: http://localhost/wordpress/ has been purged, triggered by action: save_post 
[2025-01-17 11:54:10 : INFO] - Cache for URL: http://localhost/wordpress/ has been purged, triggered by action: save_post 
[2025-01-17 11:54:20 : INFO] - Cache for URL: http://localhost/wordpress/ has been purged, triggered by action: save_post 
[2025-01-17 11:55:56 : INFO] - Cache for URL: http://localhost/wordpress/ has been purged, triggered by action: save_post 
[2025-01-17 11:59:15 : INFO] - Cache for URL: http://localhost/wordpress/ has been purged, triggered by action: save_post 
[2025-01-17 12:02:25 : INFO] - Cache for URL: http://localhost/wordpress/ has been purged, triggered by action: save_post 
[2025-01-17 12:02:32 : INFO] - Cache for URL: http://localhost/wordpress/ has been purged, triggered by action: save_post 
[2025-01-17 12:03:25 : INFO] - Full Cache Purge triggered by: plugin activation/deactivation 
[2025-01-17 12:03:25 : INFO] - Full Cache Purge triggered by: WPO_Page_Cache::disable 
[2025-01-17 12:03:25 : INFO] - Full Cache Purge triggered by: WP_Optimize_Minify_Cache_Functions::purge_others 
[2025-02-24 07:00:25 : INFO] - Cache for URL: http://localhost/wordpress/ has been purged, triggered by action: save_post 
[2025-02-24 07:01:26 : INFO] - Cache for URL: http://localhost/wordpress/ has been purged, triggered by action: save_post 
[2025-02-24 07:01:43 : INFO] - Cache for URL: http://localhost/wordpress/ has been purged, triggered by action: save_post 
[2025-02-25 09:29:30 : INFO] - Full Cache Purge triggered by: plugin activation/deactivation 
[2025-02-25 09:31:46 : INFO] - Full Cache Purge triggered by: plugin activation/deactivation 
[2025-02-25 09:49:07 : INFO] - Full Cache Purge triggered by: plugin activation/deactivation 
[2025-02-25 10:36:01 : INFO] - Full Cache Purge triggered by: plugin activation/deactivation 
[2025-02-25 10:48:54 : INFO] - Cache for URL: http://localhost/wordpress/?p=1880 has been purged, triggered by action: save_post 
[2025-02-25 10:48:54 : INFO] - Cache for blog post has been purged due to updates to post with Title: "Auto Draft" and URL: http://localhost/wordpress/?p=1880, triggered by action: save_post 
[2025-02-25 10:48:54 : INFO] - Cache for previous post (with URL: http://localhost/wordpress/?p=1588) adjacent to post with id: 1880 has been purged, triggered by action: save_post 
[2025-02-25 10:48:54 : INFO] - Cache for all archives page associated with post_type: post and Title: "Auto Draft" have been purged, triggered by action: save_post 
[2025-02-26 05:33:30 : INFO] - Cache for URL: http://localhost/wordpress/ has been purged, triggered by action: save_post 
[2025-02-26 05:33:30 : INFO] - Cache for URL: http://localhost/wordpress/ has been purged, triggered by action: save_post 
[2025-02-26 05:33:30 : INFO] - Cache for URL: http://localhost/wordpress/ has been purged, triggered by action: save_post 
[2025-02-26 05:34:52 : INFO] - Cache for URL: http://localhost/wordpress/ has been purged, triggered by action: save_post 
[2025-02-26 05:34:52 : INFO] - Cache for URL: http://localhost/wordpress/ has been purged, triggered by action: save_post 
[2025-02-26 05:34:53 : INFO] - Cache for URL: http://localhost/wordpress/ has been purged, triggered by action: save_post 
[2025-02-26 05:37:59 : INFO] - Cache for multiple term taxonomy have been purged due to post terms update, triggered by action: set_object_terms 
[2025-02-26 05:37:59 : INFO] - Cache for URL: http://localhost/wordpress/?p=1588 has been purged, triggered by action: save_post 
[2025-02-26 05:37:59 : INFO] - Cache for blog post has been purged due to updates to post with Title: "How to Assign Any Tags to Customers When Creating an Account" and URL: http://localhost/wordpress/?p=1588, triggered by action: save_post 
[2025-02-26 05:37:59 : INFO] - Cache for previous post (with URL: http://localhost/wordpress/?p=1585) adjacent to post with id: 1588 has been purged, triggered by action: save_post 
[2025-02-26 05:37:59 : INFO] - Cache for all archives page associated with post_type: post and Title: "How to Assign Any Tags to Customers When Creating an Account" have been purged, triggered by action: save_post 
[2025-02-26 05:37:59 : INFO] - Cache for multiple term taxonomy have been purged due to post terms update, triggered by action: set_object_terms 
[2025-02-26 05:37:59 : INFO] - Cache for URL: http://localhost/wordpress/?p=1588 has been purged, triggered by action: save_post 
[2025-02-26 05:37:59 : INFO] - Cache for blog post has been purged due to updates to post with Title: "How to Assign Any Tags to Customers When Creating an Account" and URL: http://localhost/wordpress/?p=1588, triggered by action: save_post 
[2025-02-26 05:37:59 : INFO] - Cache for previous post (with URL: http://localhost/wordpress/?p=1585) adjacent to post with id: 1588 has been purged, triggered by action: save_post 
[2025-02-26 05:37:59 : INFO] - Cache for all archives page associated with post_type: post and Title: "How to Assign Any Tags to Customers When Creating an Account" have been purged, triggered by action: save_post 
[2025-02-26 05:37:59 : INFO] - Cache for multiple term taxonomy have been purged due to post terms update, triggered by action: set_object_terms 
[2025-02-26 05:37:59 : INFO] - Cache for URL: http://localhost/wordpress/?p=1588 has been purged, triggered by action: save_post 
[2025-02-26 05:37:59 : INFO] - Cache for blog post has been purged due to updates to post with Title: "How to Assign Any Tags to Customers When Creating an Account" and URL: http://localhost/wordpress/?p=1588, triggered by action: save_post 
[2025-02-26 05:37:59 : INFO] - Cache for previous post (with URL: http://localhost/wordpress/?p=1585) adjacent to post with id: 1588 has been purged, triggered by action: save_post 
[2025-02-26 05:37:59 : INFO] - Cache for all archives page associated with post_type: post and Title: "How to Assign Any Tags to Customers When Creating an Account" have been purged, triggered by action: save_post 
[2025-02-26 06:06:42 : INFO] - Cache for multiple term taxonomy have been purged due to post terms update, triggered by action: set_object_terms 
[2025-02-26 06:06:42 : INFO] - Cache for URL: http://localhost/wordpress/?p=1588 has been purged, triggered by action: save_post 
[2025-02-26 06:06:42 : INFO] - Cache for blog post has been purged due to updates to post with Title: "How to Assign Any Tags to Customers When Creating an Account" and URL: http://localhost/wordpress/?p=1588, triggered by action: save_post 
[2025-02-26 06:06:42 : INFO] - Cache for previous post (with URL: http://localhost/wordpress/?p=1585) adjacent to post with id: 1588 has been purged, triggered by action: save_post 
[2025-02-26 06:06:42 : INFO] - Cache for all archives page associated with post_type: post and Title: "How to Assign Any Tags to Customers When Creating an Account" have been purged, triggered by action: save_post 
[2025-02-26 06:06:42 : INFO] - Cache for multiple term taxonomy have been purged due to post terms update, triggered by action: set_object_terms 
[2025-02-26 06:06:42 : INFO] - Cache for URL: http://localhost/wordpress/?p=1588 has been purged, triggered by action: save_post 
[2025-02-26 06:06:42 : INFO] - Cache for blog post has been purged due to updates to post with Title: "How to Assign Any Tags to Customers When Creating an Account" and URL: http://localhost/wordpress/?p=1588, triggered by action: save_post 
[2025-02-26 06:06:42 : INFO] - Cache for previous post (with URL: http://localhost/wordpress/?p=1585) adjacent to post with id: 1588 has been purged, triggered by action: save_post 
[2025-02-26 06:06:42 : INFO] - Cache for all archives page associated with post_type: post and Title: "How to Assign Any Tags to Customers When Creating an Account" have been purged, triggered by action: save_post 
[2025-02-26 06:06:42 : INFO] - Cache for multiple term taxonomy have been purged due to post terms update, triggered by action: set_object_terms 
[2025-02-26 06:06:42 : INFO] - Cache for URL: http://localhost/wordpress/?p=1588 has been purged, triggered by action: save_post 
[2025-02-26 06:06:42 : INFO] - Cache for blog post has been purged due to updates to post with Title: "How to Assign Any Tags to Customers When Creating an Account" and URL: http://localhost/wordpress/?p=1588, triggered by action: save_post 
[2025-02-26 06:06:42 : INFO] - Cache for previous post (with URL: http://localhost/wordpress/?p=1585) adjacent to post with id: 1588 has been purged, triggered by action: save_post 
[2025-02-26 06:06:42 : INFO] - Cache for all archives page associated with post_type: post and Title: "How to Assign Any Tags to Customers When Creating an Account" have been purged, triggered by action: save_post 
[2025-02-26 06:21:14 : INFO] - Full Cache Purge triggered by: plugin activation/deactivation 
[2025-02-27 09:39:30 : INFO] - Cache for term page with URL: http://localhost/wordpress/?taxonomy=pa_colour&term=black  have been purged, triggered by action: edit_terms 
[2025-02-27 09:39:30 : INFO] - Cache for associated posts for term with URL: http://localhost/wordpress/?taxonomy=pa_colour&term=black have been purged, triggered by action: edit_terms 
[2025-02-27 09:39:53 : INFO] - Cache for term page with URL: http://localhost/wordpress/?taxonomy=pa_colour&term=black  have been purged, triggered by action: edit_terms 
[2025-02-27 09:39:53 : INFO] - Cache for associated posts for term with URL: http://localhost/wordpress/?taxonomy=pa_colour&term=black have been purged, triggered by action: edit_terms 
[2025-02-27 09:40:46 : INFO] - Cache for term page with URL: http://localhost/wordpress/?taxonomy=pa_colour&term=black  have been purged, triggered by action: edit_terms 
[2025-02-27 09:40:46 : INFO] - Cache for associated posts for term with URL: http://localhost/wordpress/?taxonomy=pa_colour&term=black have been purged, triggered by action: edit_terms 
[2025-02-27 09:46:33 : INFO] - Cache for term page with URL: http://localhost/wordpress/?taxonomy=pa_colour&term=black  have been purged, triggered by action: edit_terms 
[2025-02-27 09:46:33 : INFO] - Cache for associated posts for term with URL: http://localhost/wordpress/?taxonomy=pa_colour&term=black have been purged, triggered by action: edit_terms 
[2025-02-27 09:46:45 : INFO] - Cache for term page with URL: http://localhost/wordpress/?taxonomy=pa_colour&term=black  have been purged, triggered by action: edit_terms 
[2025-02-27 09:46:45 : INFO] - Cache for associated posts for term with URL: http://localhost/wordpress/?taxonomy=pa_colour&term=black have been purged, triggered by action: edit_terms 
[2025-02-27 09:47:07 : INFO] - Cache for term page with URL: http://localhost/wordpress/?taxonomy=pa_colour&term=black  have been purged, triggered by action: edit_terms 
[2025-02-27 09:47:07 : INFO] - Cache for associated posts for term with URL: http://localhost/wordpress/?taxonomy=pa_colour&term=black have been purged, triggered by action: edit_terms 
[2025-02-27 09:49:44 : INFO] - Cache for term page with URL: http://localhost/wordpress/?taxonomy=pa_colour&term=black  have been purged, triggered by action: edit_terms 
[2025-02-27 09:49:44 : INFO] - Cache for associated posts for term with URL: http://localhost/wordpress/?taxonomy=pa_colour&term=black have been purged, triggered by action: edit_terms 
[2025-02-27 09:50:06 : INFO] - Cache for term page with URL: http://localhost/wordpress/?taxonomy=pa_colour&term=black  have been purged, triggered by action: edit_terms 
[2025-02-27 09:50:06 : INFO] - Cache for associated posts for term with URL: http://localhost/wordpress/?taxonomy=pa_colour&term=black have been purged, triggered by action: edit_terms 
[2025-02-27 09:52:57 : INFO] - Cache for term page with URL: http://localhost/wordpress/?taxonomy=pa_colour&term=black  have been purged, triggered by action: edit_terms 
[2025-02-27 09:52:57 : INFO] - Cache for associated posts for term with URL: http://localhost/wordpress/?taxonomy=pa_colour&term=black have been purged, triggered by action: edit_terms 
[2025-02-27 09:53:40 : INFO] - Cache for term page with URL: http://localhost/wordpress/?taxonomy=pa_colour&term=white  have been purged, triggered by action: edit_terms 
[2025-02-27 09:53:40 : INFO] - Cache for associated posts for term with URL: http://localhost/wordpress/?taxonomy=pa_colour&term=white have been purged, triggered by action: edit_terms 
[2025-02-27 11:10:46 : INFO] - Cache for term page with URL: http://localhost/wordpress/?taxonomy=pa_colour&term=black  have been purged, triggered by action: edit_terms 
[2025-02-27 11:10:46 : INFO] - Cache for associated posts for term with URL: http://localhost/wordpress/?taxonomy=pa_colour&term=black have been purged, triggered by action: edit_terms 
[2025-02-27 11:13:35 : INFO] - Cache for term page with URL: http://localhost/wordpress/?taxonomy=pa_colour&term=black  have been purged, triggered by action: edit_terms 
[2025-02-27 11:13:35 : INFO] - Cache for associated posts for term with URL: http://localhost/wordpress/?taxonomy=pa_colour&term=black have been purged, triggered by action: edit_terms 
[2025-02-27 11:13:53 : INFO] - Cache for term page with URL: http://localhost/wordpress/?taxonomy=pa_colour&term=black  have been purged, triggered by action: edit_terms 
[2025-02-27 11:13:53 : INFO] - Cache for associated posts for term with URL: http://localhost/wordpress/?taxonomy=pa_colour&term=black have been purged, triggered by action: edit_terms 
[2025-02-27 11:14:23 : INFO] - Cache for term page with URL: http://localhost/wordpress/?taxonomy=pa_colour&term=black  have been purged, triggered by action: edit_terms 
[2025-02-27 11:14:23 : INFO] - Cache for associated posts for term with URL: http://localhost/wordpress/?taxonomy=pa_colour&term=black have been purged, triggered by action: edit_terms 
[2025-02-27 11:34:53 : INFO] - Cache for term page with URL: http://localhost/wordpress/?taxonomy=pa_colour&term=black  have been purged, triggered by action: edit_terms 
[2025-02-27 11:34:53 : INFO] - Cache for associated posts for term with URL: http://localhost/wordpress/?taxonomy=pa_colour&term=black have been purged, triggered by action: edit_terms 
[2025-02-27 11:35:07 : INFO] - Cache for term page with URL: http://localhost/wordpress/?taxonomy=pa_colour&term=black  have been purged, triggered by action: edit_terms 
[2025-02-27 11:35:07 : INFO] - Cache for associated posts for term with URL: http://localhost/wordpress/?taxonomy=pa_colour&term=black have been purged, triggered by action: edit_terms 
[2025-02-27 11:35:29 : INFO] - Cache for term page with URL: http://localhost/wordpress/?taxonomy=pa_colour&term=black  have been purged, triggered by action: edit_terms 
[2025-02-27 11:35:29 : INFO] - Cache for associated posts for term with URL: http://localhost/wordpress/?taxonomy=pa_colour&term=black have been purged, triggered by action: edit_terms 
[2025-02-27 11:41:49 : INFO] - Cache for term page with URL: http://localhost/wordpress/?taxonomy=pa_colour&term=black  have been purged, triggered by action: edit_terms 
[2025-02-27 11:41:49 : INFO] - Cache for associated posts for term with URL: http://localhost/wordpress/?taxonomy=pa_colour&term=black have been purged, triggered by action: edit_terms 
[2025-02-27 11:42:00 : INFO] - Cache for term page with URL: http://localhost/wordpress/?taxonomy=pa_colour&term=black  have been purged, triggered by action: edit_terms 
[2025-02-27 11:42:00 : INFO] - Cache for associated posts for term with URL: http://localhost/wordpress/?taxonomy=pa_colour&term=black have been purged, triggered by action: edit_terms 
[2025-02-27 11:44:35 : INFO] - Cache for term page with URL: http://localhost/wordpress/?taxonomy=pa_colour&term=black  have been purged, triggered by action: edit_terms 
[2025-02-27 11:44:35 : INFO] - Cache for associated posts for term with URL: http://localhost/wordpress/?taxonomy=pa_colour&term=black have been purged, triggered by action: edit_terms 
[2025-02-27 11:51:01 : INFO] - Cache for term page with URL: http://localhost/wordpress/?taxonomy=pa_colour&term=black  have been purged, triggered by action: edit_terms 
[2025-02-27 11:51:01 : INFO] - Cache for associated posts for term with URL: http://localhost/wordpress/?taxonomy=pa_colour&term=black have been purged, triggered by action: edit_terms 
[2025-02-27 11:51:24 : INFO] - Cache for term page with URL: http://localhost/wordpress/?taxonomy=pa_colour&term=black  have been purged, triggered by action: edit_terms 
[2025-02-27 11:51:24 : INFO] - Cache for associated posts for term with URL: http://localhost/wordpress/?taxonomy=pa_colour&term=black have been purged, triggered by action: edit_terms 
[2025-02-27 11:51:43 : INFO] - Cache for term page with URL: http://localhost/wordpress/?taxonomy=pa_colour&term=white  have been purged, triggered by action: edit_terms 
[2025-02-27 11:51:43 : INFO] - Cache for associated posts for term with URL: http://localhost/wordpress/?taxonomy=pa_colour&term=white have been purged, triggered by action: edit_terms 
[2025-03-03 04:46:08 : INFO] - Cache for URL: http://localhost/wordpress/?post_type=hotspot_images&p=1898 has been purged, triggered by action: save_post 
[2025-03-03 04:47:45 : INFO] - Cache for URL: http://localhost/wordpress/?post_type=hotspot_images&p=1899 has been purged, triggered by action: save_post 
[2025-03-03 04:47:48 : INFO] - Cache for URL: http://localhost/wordpress/?post_type=hotspot_images&p=1899 has been purged, triggered by action: save_post 
[2025-03-03 04:54:33 : INFO] - Cache for URL: http://localhost/wordpress/?post_type=hotspot_images&p=1899 has been purged, triggered by action: save_post 
[2025-03-03 04:54:34 : INFO] - Cache for URL: http://localhost/wordpress/?post_type=hotspot_images&p=1899 has been purged, triggered by action: save_post 
[2025-03-03 04:54:45 : INFO] - Cache for URL: http://localhost/wordpress/?post_type=hotspot_images&p=1899 has been purged, triggered by action: save_post 
[2025-03-03 04:55:16 : INFO] - Cache for URL: http://localhost/wordpress/?post_type=hotspot_images&p=1900 has been purged, triggered by action: save_post 
[2025-03-03 04:55:21 : INFO] - Cache for URL: http://localhost/wordpress/?post_type=hotspot_images&p=1900 has been purged, triggered by action: save_post 
[2025-03-03 04:55:25 : INFO] - Cache for URL: http://localhost/wordpress/?post_type=hotspot_images&p=1900 has been purged, triggered by action: save_post 
[2025-03-03 04:57:00 : INFO] - Cache for URL: http://localhost/wordpress/?post_type=hotspot_images&p=1900 has been purged, triggered by action: save_post 
[2025-03-03 04:57:06 : INFO] - Cache for URL: http://localhost/wordpress/?post_type=hotspot_images&p=1900 has been purged, triggered by action: save_post 
[2025-03-03 05:01:58 : INFO] - Cache for URL: http://localhost/wordpress/?post_type=hotspot_images&p=1900 has been purged, triggered by action: save_post 
[2025-03-03 05:02:15 : INFO] - Cache for URL: http://localhost/wordpress/?post_type=hotspot_images&p=1900 has been purged, triggered by action: save_post 
[2025-03-03 05:02:18 : INFO] - Cache for URL: http://localhost/wordpress/?post_type=hotspot_images&p=1900 has been purged, triggered by action: save_post 
[2025-03-03 05:02:30 : INFO] - Cache for URL: http://localhost/wordpress/?hotspot_images=ll has been purged, triggered by action: save_post 
[2025-03-03 05:11:23 : INFO] - Cache for URL: http://localhost/wordpress/?hotspot_images=ll has been purged, triggered by action: save_post 
[2025-03-03 05:11:35 : INFO] - Cache for URL: http://localhost/wordpress/?hotspot_images=ll has been purged, triggered by action: save_post 
[2025-03-03 05:11:53 : INFO] - Cache for URL: http://localhost/wordpress/?hotspot_images=ll has been purged, triggered by action: save_post 
[2025-03-03 05:32:59 : INFO] - Cache for URL: http://localhost/wordpress/?hotspot_images=tt has been purged, triggered by action: save_post 
[2025-03-03 05:33:08 : INFO] - Cache for URL: http://localhost/wordpress/?hotspot_images=tt has been purged, triggered by action: save_post 
[2025-03-03 05:36:21 : INFO] - Cache for URL: http://localhost/wordpress/?post_type=hotspot_images&p=1905 has been purged, triggered by action: save_post 
[2025-03-03 05:36:27 : INFO] - Cache for URL: http://localhost/wordpress/?post_type=hotspot_images&p=1905 has been purged, triggered by action: save_post 
[2025-03-03 05:36:40 : INFO] - Cache for URL: http://localhost/wordpress/?post_type=hotspot_images&p=1905 has been purged, triggered by action: save_post 
[2025-03-03 05:36:42 : INFO] - Cache for URL: http://localhost/wordpress/?hotspot_images=hi has been purged, triggered by action: save_post 
[2025-03-03 05:36:44 : INFO] - Cache for URL: http://localhost/wordpress/?hotspot_images=hi has been purged, triggered by action: save_post 
[2025-03-03 05:38:31 : INFO] - Cache for URL: http://localhost/wordpress/?hotspot_images=hi has been purged, triggered by action: save_post 
[2025-03-03 05:39:33 : INFO] - Cache for URL: http://localhost/wordpress/?hotspot_images=hi has been purged, triggered by action: save_post 
[2025-03-03 05:39:36 : INFO] - Cache for URL: http://localhost/wordpress/?hotspot_images=hi has been purged, triggered by action: save_post 
[2025-03-03 05:59:06 : INFO] - Cache for URL: http://localhost/wordpress/?post_type=hotspot&p=1906 has been purged, triggered by action: save_post 
[2025-03-03 05:59:06 : INFO] - Cache for archive page associated with post_type: hotspot and Title: "Auto Draft" has been purged, triggered by action: save_post 
[2025-03-03 06:00:03 : INFO] - Cache for URL: http://localhost/wordpress/?hotspot=1906 has been purged, triggered by action: save_post 
[2025-03-03 06:00:03 : INFO] - Cache for archive page associated with post_type: hotspot and Title: "" has been purged, triggered by action: save_post 
[2025-03-03 06:28:53 : INFO] - Cache for URL: http://localhost/wordpress/?post_type=hotspot_image&p=1909 has been purged, triggered by action: save_post 
[2025-03-03 06:28:55 : INFO] - Cache for URL: http://localhost/wordpress/?post_type=hotspot_image&p=1909 has been purged, triggered by action: save_post 
[2025-03-03 06:28:59 : INFO] - Cache for URL: http://localhost/wordpress/?post_type=hotspot_image&p=1909 has been purged, triggered by action: save_post 
[2025-03-03 06:29:01 : INFO] - Cache for URL: http://localhost/wordpress/?post_type=hotspot_image&p=1909 has been purged, triggered by action: save_post 
[2025-03-03 06:29:13 : INFO] - Cache for URL: http://localhost/wordpress/?post_type=hotspot_image&p=1909 has been purged, triggered by action: save_post 
[2025-03-03 06:34:18 : INFO] - Cache for URL: http://localhost/wordpress/?post_type=hotspot_image&p=1909 has been purged, triggered by action: save_post 
[2025-03-03 06:34:21 : INFO] - Cache for URL: http://localhost/wordpress/?post_type=hotspot_image&p=1909 has been purged, triggered by action: save_post 
[2025-03-03 06:34:24 : INFO] - Cache for URL: http://localhost/wordpress/?post_type=hotspot_image&p=1910 has been purged, triggered by action: save_post 
[2025-03-03 06:34:25 : INFO] - Cache for URL: http://localhost/wordpress/?post_type=hotspot_image&p=1910 has been purged, triggered by action: save_post 
[2025-03-03 06:40:47 : INFO] - Cache for URL: http://localhost/wordpress/?post_type=hotspot&p=1911 has been purged, triggered by action: save_post 
[2025-03-03 06:42:18 : INFO] - Cache for URL: http://localhost/wordpress/?post_type=hotspot&p=1912 has been purged, triggered by action: save_post 
[2025-03-03 06:42:45 : INFO] - Cache for URL: http://localhost/wordpress/?hotspot=1912 has been purged, triggered by action: save_post 
[2025-03-03 06:52:54 : INFO] - Cache for URL: http://localhost/wordpress/?post_type=hotspot&p=1913 has been purged, triggered by action: save_post 
[2025-03-03 06:53:21 : INFO] - Cache for URL: http://localhost/wordpress/?post_type=hotspot&p=1914 has been purged, triggered by action: save_post 
[2025-03-03 06:53:25 : INFO] - Cache for URL: http://localhost/wordpress/?post_type=hotspot&p=1915 has been purged, triggered by action: save_post 
[2025-03-03 06:53:39 : INFO] - Cache for URL: http://localhost/wordpress/?post_type=hotspot&p=1916 has been purged, triggered by action: save_post 
[2025-03-03 06:54:35 : INFO] - Cache for URL: http://localhost/wordpress/?post_type=hotspot&p=1917 has been purged, triggered by action: save_post 
[2025-03-03 06:54:41 : INFO] - Cache for URL: http://localhost/wordpress/?post_type=hotspot&p=1918 has been purged, triggered by action: save_post 
[2025-03-03 06:56:32 : INFO] - Cache for URL: http://localhost/wordpress/?post_type=hotspot&p=1919 has been purged, triggered by action: save_post 
[2025-03-03 06:56:53 : INFO] - Cache for URL: http://localhost/wordpress/?hotspot=1919 has been purged, triggered by action: save_post 
[2025-03-03 06:57:18 : INFO] - Cache for URL: http://localhost/wordpress/?hotspot=1919 has been purged, triggered by action: save_post 
[2025-03-03 07:03:08 : INFO] - Cache for URL: http://localhost/wordpress/?hotspot=1919 has been purged, triggered by action: save_post 
[2025-03-03 07:11:34 : INFO] - Cache for URL: http://localhost/wordpress/?hotspot=1919 has been purged, triggered by action: save_post 
[2025-03-03 07:12:51 : INFO] - Cache for URL: http://localhost/wordpress/?post_type=hotspot&p=1920 has been purged, triggered by action: save_post 
[2025-03-03 07:13:11 : INFO] - Cache for URL: http://localhost/wordpress/?hotspot=test has been purged, triggered by action: save_post 
[2025-03-03 07:15:29 : INFO] - Cache for URL: http://localhost/wordpress/?hotspot=test has been purged, triggered by action: wp_trash_post 
[2025-03-03 07:15:29 : INFO] - Cache for URL: http://localhost/wordpress/?post_type=hotspot&p=1920 has been purged, triggered by action: save_post 
[2025-03-03 07:15:31 : INFO] - Cache for URL: http://localhost/wordpress/?hotspot=1919 has been purged, triggered by action: wp_trash_post 
[2025-03-03 07:15:31 : INFO] - Cache for URL: http://localhost/wordpress/?post_type=hotspot&p=1919 has been purged, triggered by action: save_post 
[2025-03-03 07:15:33 : INFO] - Cache for URL: http://localhost/wordpress/?hotspot=1912 has been purged, triggered by action: wp_trash_post 
[2025-03-03 07:15:33 : INFO] - Cache for URL: http://localhost/wordpress/?post_type=hotspot&p=1912 has been purged, triggered by action: save_post 
[2025-03-03 07:15:35 : INFO] - Cache for URL: http://localhost/wordpress/?hotspot=1906 has been purged, triggered by action: wp_trash_post 
[2025-03-03 07:15:35 : INFO] - Cache for URL: http://localhost/wordpress/?post_type=hotspot&p=1906 has been purged, triggered by action: save_post 
[2025-03-03 07:15:36 : INFO] - Cache for URL: http://localhost/wordpress/?post_type=hotspot&p=1921 has been purged, triggered by action: save_post 
[2025-03-03 07:16:03 : INFO] - Cache for URL: http://localhost/wordpress/?hotspot=1921 has been purged, triggered by action: save_post 
[2025-03-03 07:28:13 : INFO] - Cache for URL: http://localhost/wordpress/?post_type=hotspot&p=1922 has been purged, triggered by action: save_post 
[2025-03-03 07:28:32 : INFO] - Cache for URL: http://localhost/wordpress/?hotspot=1922 has been purged, triggered by action: save_post 
[2025-03-03 07:29:52 : INFO] - Cache for URL: http://localhost/wordpress/?post_type=hotspot&p=1923 has been purged, triggered by action: save_post 
[2025-03-03 07:30:37 : INFO] - Cache for URL: http://localhost/wordpress/?post_type=hotspot&p=1924 has been purged, triggered by action: save_post 
[2025-03-03 07:32:41 : INFO] - Cache for URL: http://localhost/wordpress/?post_type=hotspot&p=1925 has been purged, triggered by action: save_post 
[2025-03-03 07:40:14 : INFO] - Cache for URL: http://localhost/wordpress/?post_type=hotspot&p=1926 has been purged, triggered by action: save_post 
[2025-03-03 07:40:35 : INFO] - Cache for URL: http://localhost/wordpress/?hotspot=1926 has been purged, triggered by action: save_post 
[2025-03-03 07:45:05 : INFO] - Cache for URL: http://localhost/wordpress/ has been purged, triggered by action: save_post 
[2025-03-03 07:45:05 : INFO] - Cache for URL: http://localhost/wordpress/ has been purged, triggered by action: save_post 
[2025-03-03 07:45:05 : INFO] - Cache for URL: http://localhost/wordpress/ has been purged, triggered by action: save_post 
[2025-03-03 11:26:44 : INFO] - Cache for URL: http://localhost/wordpress/ has been purged, triggered by action: save_post 
[2025-03-03 11:26:44 : INFO] - Cache for URL: http://localhost/wordpress/ has been purged, triggered by action: save_post 
[2025-03-03 11:26:45 : INFO] - Cache for URL: http://localhost/wordpress/ has been purged, triggered by action: save_post 
[2025-03-04 07:49:55 : INFO] - Cache for URL: http://localhost/wordpress/?post_type=hotspot&p=1933 has been purged, triggered by action: save_post 
[2025-03-04 07:49:55 : INFO] - Cache for archive page associated with post_type: hotspot and Title: "Auto Draft" has been purged, triggered by action: save_post 
[2025-03-04 07:55:43 : INFO] - Cache for URL: http://localhost/wordpress/?post_type=hotspot&p=1934 has been purged, triggered by action: save_post 
[2025-03-04 07:55:48 : INFO] - Cache for URL: http://localhost/wordpress/?post_type=hotspot&p=1935 has been purged, triggered by action: save_post 
[2025-03-04 07:55:52 : INFO] - Cache for URL: http://localhost/wordpress/?post_type=hotspot&p=1935 has been purged, triggered by action: save_post 
[2025-03-04 07:55:54 : INFO] - Cache for URL: http://localhost/wordpress/?post_type=hotspot&p=1935 has been purged, triggered by action: save_post 
[2025-03-04 07:55:56 : INFO] - Cache for URL: http://localhost/wordpress/?post_type=hotspot&p=1935 has been purged, triggered by action: save_post 
[2025-03-04 08:56:03 : INFO] - Cache for URL: http://localhost/wordpress/?post_type=hotspot&p=1935 has been purged, triggered by action: save_post 
[2025-03-04 09:28:05 : INFO] - Cache for URL: http://localhost/wordpress/?post_type=hotspot_manager&p=1936 has been purged, triggered by action: save_post 
[2025-03-04 09:28:05 : INFO] - Cache for archive page associated with post_type: hotspot_manager and Title: "Auto Draft" has been purged, triggered by action: save_post 
[2025-03-04 09:28:44 : INFO] - Cache for URL: http://localhost/wordpress/?hotspot_manager=1936 has been purged, triggered by action: save_post 
[2025-03-04 09:28:44 : INFO] - Cache for archive page associated with post_type: hotspot_manager and Title: "" has been purged, triggered by action: save_post 
[2025-03-04 09:40:26 : INFO] - Cache for URL: http://localhost/wordpress/?post_type=testimonial&p=1938 has been purged, triggered by action: save_post 
[2025-03-04 09:42:48 : INFO] - Cache for URL: http://localhost/wordpress/?post_type=testimonial&p=1939 has been purged, triggered by action: save_post 
[2025-03-04 09:44:20 : INFO] - Cache for URL: http://localhost/wordpress/?post_type=testimonial&p=1940 has been purged, triggered by action: save_post 
[2025-03-04 09:51:53 : INFO] - Cache for URL: http://localhost/wordpress/?post_type=testimonial&p=1941 has been purged, triggered by action: save_post 
[2025-03-04 09:52:13 : INFO] - Cache for URL: http://localhost/wordpress/?post_type=testimonial&p=1942 has been purged, triggered by action: save_post 
[2025-03-04 09:52:49 : INFO] - Cache for URL: http://localhost/wordpress/?post_type=testimonial&p=1943 has been purged, triggered by action: save_post 
[2025-03-04 09:56:21 : INFO] - Cache for URL: http://localhost/wordpress/?post_type=testimonial&p=1944 has been purged, triggered by action: save_post 
[2025-03-04 09:56:28 : INFO] - Cache for URL: http://localhost/wordpress/?post_type=testimonial&p=1945 has been purged, triggered by action: save_post 
[2025-03-04 09:56:53 : INFO] - Cache for URL: http://localhost/wordpress/?post_type=testimonial&p=1946 has been purged, triggered by action: save_post 
[2025-03-04 11:05:31 : INFO] - Cache for URL: http://localhost/wordpress/?post_type=hotspot&p=1947 has been purged, triggered by action: save_post 
[2025-03-04 11:05:34 : INFO] - Cache for URL: http://localhost/wordpress/?post_type=hotspot&p=1947 has been purged, triggered by action: save_post 
[2025-03-04 11:05:36 : INFO] - Cache for URL: http://localhost/wordpress/?post_type=hotspot&p=1947 has been purged, triggered by action: save_post 
[2025-03-04 11:05:44 : INFO] - Cache for URL: http://localhost/wordpress/?post_type=hotspot&p=1947 has been purged, triggered by action: save_post 
[2025-03-04 11:05:47 : INFO] - Cache for URL: http://localhost/wordpress/?post_type=hotspot&p=1947 has been purged, triggered by action: save_post 
[2025-03-04 11:05:53 : INFO] - Cache for URL: http://localhost/wordpress/?post_type=hotspot&p=1947 has been purged, triggered by action: save_post 
[2025-03-04 11:07:24 : INFO] - Cache for URL: http://localhost/wordpress/?post_type=hotspot&p=1947 has been purged, triggered by action: save_post 
[2025-03-04 11:07:57 : INFO] - Cache for URL: http://localhost/wordpress/?hotspot=1947 has been purged, triggered by action: save_post 
[2025-03-04 11:15:19 : INFO] - Cache for URL: http://localhost/wordpress/?hotspot=1947 has been purged, triggered by action: save_post 
[2025-03-04 11:18:53 : INFO] - Cache for URL: http://localhost/wordpress/?hotspot=1947 has been purged, triggered by action: save_post 
[2025-03-04 11:24:10 : INFO] - Cache for URL: http://localhost/wordpress/?hotspot=1947 has been purged, triggered by action: save_post 
[2025-03-04 11:24:26 : INFO] - Cache for URL: http://localhost/wordpress/?hotspot=1947 has been purged, triggered by action: save_post 
[2025-03-04 11:24:44 : INFO] - Cache for URL: http://localhost/wordpress/?hotspot=1947 has been purged, triggered by action: save_post 
[2025-03-04 11:24:47 : INFO] - Cache for URL: http://localhost/wordpress/?hotspot=1947 has been purged, triggered by action: save_post 
[2025-03-04 11:26:15 : INFO] - Cache for URL: http://localhost/wordpress/?hotspot=1947 has been purged, triggered by action: save_post 
[2025-03-04 11:26:18 : INFO] - Cache for URL: http://localhost/wordpress/?hotspot=1947 has been purged, triggered by action: save_post 
[2025-03-04 11:51:49 : INFO] - Cache for URL: http://localhost/wordpress/?hotspot=1947 has been purged, triggered by action: save_post 
[2025-03-04 11:52:57 : INFO] - Cache for URL: http://localhost/wordpress/?hotspot=1947 has been purged, triggered by action: save_post 
[2025-03-04 11:55:27 : INFO] - Cache for URL: http://localhost/wordpress/?hotspot=1947 has been purged, triggered by action: save_post 
[2025-03-04 11:55:29 : INFO] - Cache for URL: http://localhost/wordpress/?hotspot=1947 has been purged, triggered by action: save_post 
[2025-03-04 12:03:34 : INFO] - Cache for URL: http://localhost/wordpress/?post_type=hotspot&p=1949 has been purged, triggered by action: save_post 
[2025-03-04 12:03:37 : INFO] - Cache for URL: http://localhost/wordpress/?post_type=hotspot&p=1949 has been purged, triggered by action: save_post 
[2025-03-04 12:03:40 : INFO] - Cache for URL: http://localhost/wordpress/?post_type=hotspot&p=1949 has been purged, triggered by action: save_post 
[2025-03-04 12:03:54 : INFO] - Cache for URL: http://localhost/wordpress/?post_type=hotspot&p=1949 has been purged, triggered by action: save_post 
[2025-03-04 12:03:58 : INFO] - Cache for URL: http://localhost/wordpress/?post_type=hotspot&p=1949 has been purged, triggered by action: save_post 
[2025-03-04 12:06:27 : INFO] - Cache for URL: http://localhost/wordpress/?post_type=hotspot&p=1949 has been purged, triggered by action: save_post 
[2025-03-04 12:07:12 : INFO] - Cache for URL: http://localhost/wordpress/?post_type=hotspot&p=1949 has been purged, triggered by action: save_post 
[2025-03-04 12:10:05 : INFO] - Cache for URL: http://localhost/wordpress/?post_type=hotspot&p=1949 has been purged, triggered by action: save_post 
[2025-03-04 12:11:29 : INFO] - Cache for URL: http://localhost/wordpress/?post_type=hotspot&p=1949 has been purged, triggered by action: save_post 
[2025-03-04 12:11:31 : INFO] - Cache for URL: http://localhost/wordpress/?post_type=hotspot&p=1949 has been purged, triggered by action: save_post 
[2025-03-04 12:13:43 : INFO] - Cache for URL: http://localhost/wordpress/?post_type=hotspot&p=1949 has been purged, triggered by action: save_post 
[2025-03-04 12:13:45 : INFO] - Cache for URL: http://localhost/wordpress/?post_type=hotspot&p=1949 has been purged, triggered by action: save_post 
[2025-03-04 12:29:26 : INFO] - Cache for multiple term taxonomy have been purged due to post terms update, triggered by action: set_object_terms 
[2025-03-04 12:29:27 : INFO] - Cache for URL: http://localhost/wordpress/?product=watch has been purged, triggered by action: save_post 
[2025-03-04 12:29:27 : INFO] - Cache for archive page associated with post_type: product and Title: "Watch" has been purged, triggered by action: save_post 
[2025-03-04 12:29:35 : INFO] - Cache for multiple term taxonomy have been purged due to post terms update, triggered by action: set_object_terms 
[2025-03-04 12:29:35 : INFO] - Cache for URL: http://localhost/wordpress/?product=watch has been purged, triggered by action: save_post 
[2025-03-04 12:29:35 : INFO] - Cache for archive page associated with post_type: product and Title: "Watch" has been purged, triggered by action: save_post 
[2025-03-04 12:31:50 : INFO] - Cache for multiple term taxonomy have been purged due to post terms update, triggered by action: set_object_terms 
[2025-03-04 12:31:50 : INFO] - Cache for URL: http://localhost/wordpress/?product=watch has been purged, triggered by action: save_post 
[2025-03-04 12:31:50 : INFO] - Cache for archive page associated with post_type: product and Title: "Watch" has been purged, triggered by action: save_post 
[2025-03-04 12:33:15 : INFO] - Cache for URL: http://localhost/wordpress/?post_type=hotspot&p=1949 has been purged, triggered by action: wp_trash_post 
[2025-03-04 12:33:15 : INFO] - Cache for URL: http://localhost/wordpress/?post_type=hotspot&p=1949 has been purged, triggered by action: save_post 
[2025-03-04 12:33:16 : INFO] - Cache for URL: http://localhost/wordpress/?hotspot=1947 has been purged, triggered by action: wp_trash_post 
[2025-03-04 12:33:16 : INFO] - Cache for URL: http://localhost/wordpress/?post_type=hotspot&p=1947 has been purged, triggered by action: save_post 
[2025-03-04 12:33:30 : INFO] - Cache for URL: http://localhost/wordpress/?post_type=hotspot&p=1935 has been purged, triggered by action: save_post 
[2025-03-04 12:38:16 : INFO] - Cache for URL: http://localhost/wordpress/?post_type=hotspot&p=1935 has been purged, triggered by action: save_post 
[2025-03-04 12:38:43 : INFO] - Cache for URL: http://localhost/wordpress/?post_type=hotspot&p=1935 has been purged, triggered by action: save_post 
[2025-03-04 12:40:04 : INFO] - Cache for URL: http://localhost/wordpress/?post_type=hotspot&p=1935 has been purged, triggered by action: save_post 
[2025-03-04 12:46:27 : INFO] - Cache for URL: http://localhost/wordpress/?post_type=hotspot&p=1935 has been purged, triggered by action: save_post 
[2025-03-04 12:47:47 : INFO] - Cache for URL: http://localhost/wordpress/?post_type=hotspot&p=1935 has been purged, triggered by action: save_post 
[2025-03-04 13:01:30 : INFO] - Cache for URL: http://localhost/wordpress/?post_type=hotspot&p=1935 has been purged, triggered by action: save_post 
[2025-03-04 13:03:37 : INFO] - Cache for URL: http://localhost/wordpress/?post_type=hotspot&p=1935 has been purged, triggered by action: save_post 
[2025-03-05 04:37:13 : INFO] - Cache for URL: http://localhost/wordpress/?post_type=hotspot&p=1935 has been purged, triggered by action: save_post 
[2025-03-05 04:50:05 : INFO] - Cache for URL: http://localhost/wordpress/?post_type=hotspot&p=1935 has been purged, triggered by action: save_post 
[2025-03-05 04:50:31 : INFO] - Cache for URL: http://localhost/wordpress/?post_type=hotspot&p=1935 has been purged, triggered by action: save_post 
[2025-03-05 04:53:14 : INFO] - Cache for URL: http://localhost/wordpress/?post_type=hotspot&p=1935 has been purged, triggered by action: save_post 
[2025-03-05 04:58:02 : INFO] - Cache for URL: http://localhost/wordpress/?hotspot=1935 has been purged, triggered by action: save_post 
[2025-03-05 05:11:20 : INFO] - Cache for URL: http://localhost/wordpress/?hotspot=1935 has been purged, triggered by action: save_post 
[2025-03-05 05:21:18 : INFO] - Cache for URL: http://localhost/wordpress/?hotspot=1935 has been purged, triggered by action: save_post 
[2025-03-05 05:33:54 : INFO] - Cache for URL: http://localhost/wordpress/?hotspot=1935 has been purged, triggered by action: save_post 
[2025-03-05 05:33:57 : INFO] - Cache for URL: http://localhost/wordpress/?hotspot=1935 has been purged, triggered by action: save_post 
[2025-03-05 05:33:59 : INFO] - Cache for URL: http://localhost/wordpress/?hotspot=1935 has been purged, triggered by action: save_post 
[2025-03-05 05:34:02 : INFO] - Cache for URL: http://localhost/wordpress/?hotspot=1935 has been purged, triggered by action: save_post 
[2025-03-05 05:40:44 : INFO] - Cache for URL: http://localhost/wordpress/ has been purged, triggered by action: save_post 
[2025-03-05 05:40:44 : INFO] - Cache for URL: http://localhost/wordpress/ has been purged, triggered by action: save_post 
[2025-03-05 05:40:44 : INFO] - Cache for URL: http://localhost/wordpress/ has been purged, triggered by action: save_post 
[2025-03-05 05:53:50 : INFO] - Cache for URL: http://localhost/wordpress/?hotspot=1935 has been purged, triggered by action: save_post 
[2025-03-05 06:02:37 : INFO] - Cache for URL: http://localhost/wordpress/?hotspot=1935 has been purged, triggered by action: save_post 
[2025-03-05 06:17:34 : INFO] - Cache for URL: http://localhost/wordpress/?hotspot=1935 has been purged, triggered by action: save_post 
[2025-03-07 11:08:18 : INFO] - Cache for URL: http://localhost/wordpress/?p=1955 has been purged, triggered by action: save_post 
[2025-03-07 11:08:18 : INFO] - Cache for blog post has been purged due to updates to post with Title: "Auto Draft" and URL: http://localhost/wordpress/?p=1955, triggered by action: save_post 
[2025-03-07 11:08:18 : INFO] - Cache for previous post (with URL: http://localhost/wordpress/?p=1588) adjacent to post with id: 1955 has been purged, triggered by action: save_post 
[2025-03-07 11:08:18 : INFO] - Cache for all archives page associated with post_type: post and Title: "Auto Draft" have been purged, triggered by action: save_post 
